date,ArmStat_Industry_Total_Current_Mln_AMD,ArmStat_Industry_Mining_Current_Mln_AMD,ArmStat_Industry_MetalOres_Current_Mln_AMD,ArmStat_Industry_Manufacturing_Current_Mln_AMD,ArmStat_Industry_ElectricityGas_Current_Mln_AMD,ArmStat_Industry_WaterWaste_Current_Mln_AMD,ArmStat_Industry_Total_Index,ArmStat_Industry_Mining_Index,ArmStat_Industry_MetalOres_Index,ArmStat_Industry_Manufacturing_Index,ArmStat_Industry_ElectricityGas_Index,ArmStat_Industry_WaterWaste_Index,ArmStat_EAI_ChainLink_2023_Index,ArmStat_EAI_SA_2023_Index,ArmStat_Export_UnitValue_MoM_Index,ArmStat_Import_UnitValue_MoM_Index,ArmStat_FreightTariff_Total_MoM_Index,ArmStat_FreightTariff_Road_MoM_Index,ArmStat_FreightTariff_Rail_MoM_Index
1993-01-01,,,,,,,,,,,,,,,,,100.0,100.0,
1993-02-01,,,,,,,,,,,,,,,,,123.2,100.0,
1993-03-01,,,,,,,,,,,,,,,,,100.0,100.0,
1993-04-01,,,,,,,,,,,,,,,,,303.8,479.8,
1993-05-01,,,,,,,,,,,,,,,,,100.0,100.0,
1993-06-01,,,,,,,,,,,,,,,,,136.2,127.1,
1993-07-01,,,,,,,,,,,,,,,,,116.1,123.0,
1993-08-01,,,,,,,,,,,,,,,,,100.0,100.0,
1993-09-01,,,,,,,,,,,,,,,,,110.2,100.0,
1993-10-01,,,,,,,,,,,,,,,,,149.0,176.2,
1993-11-01,,,,,,,,,,,,,,,,,186.1,176.2,
1993-12-01,,,,,,,,,,,,,,,,,165.2,176.2,
1994-01-01,,,,,,,,,,,,,,,,,216.8,176.2,
1994-02-01,,,,,,,,,,,,,,,,,104.1,100.0,
1994-03-01,,,,,,,,,,,,,,,,,121.8,100.0,
1994-04-01,,,,,,,,,,,,,,,,,200.8,224.5,
1994-05-01,,,,,,,,,,,,,,,,,107.0,100.0,
1994-06-01,,,,,,,,,,,,,,,,,100.0,100.0,
1994-07-01,,,,,,,,,,,,,,,,,100.0,100.0,
1994-08-01,,,,,,,,,,,,,,,,,100.0,100.0,
1994-09-01,,,,,,,,,,,,,,,,,100.0,100.0,
1994-10-01,,,,,,,,,,,,,,,,,101.6,100.0,
1994-11-01,,,,,,,,,,,,,,,,,101.0,100.0,
1994-12-01,,,,,,,,,,,,,,,,,100.5,100.0,
1995-01-01,,,,,,,,,,,,,,,,,100.5,98.2,99.0
1995-02-01,,,,,,,,,,,,,,,,,99.2,96.3,99.8
1995-03-01,,,,,,,,,,,,,,,,,99.5,98.4,99.8
1995-04-01,,,,,,,,,,,,,,,,,104.7,101.6,100.7
1995-05-01,,,,,,,,,,,,,,,,,100.0,100.0,100.0
1995-06-01,,,,,,,,,,,,,,,,,99.7,98.2,100.1
1995-07-01,,,,,,,,,,,,,,,,,100.4,102.3,99.8
1995-08-01,,,,,,,,,,,,,,,,,101.4,98.2,100.2
1995-09-01,,,,,,,,,,,,,,,,,100.3,101.8,99.8
1995-10-01,,,,,,,,,,,,,,,,,99.1,99.1,88.7
1995-11-01,,,,,,,,,,,,,,,,,99.5,98.5,99.8
1995-12-01,,,,,,,,,,,,,,,,,125.5,198.0,100.3
1996-01-01,,,,,,,,,,,,,,,,,101.1,98.5,99.8
1996-02-01,,,,,,,,,,,,,,,,,95.1,72.4,100.1
1996-03-01,,,,,,,,,,,,,,,,,100.1,100.4,100.1
1996-04-01,,,,,,,,,,,,,,,,,101.7,103.9,100.2
1996-05-01,,,,,,,,,,,,,,,,,102.0,101.7,102.0
1996-06-01,,,,,,,,,,,,,,,,,100.7,103.0,100.3
1996-07-01,,,,,,,,,,,,,,,,,98.6,98.1,100.4
1996-08-01,,,,,,,,,,,,,,,,,100.4,100.0,101.0
1996-09-01,,,,,,,,,,,,,,,,,102.6,97.3,99.9
1996-10-01,,,,,,,,,,,,,,,,,100.2,102.4,99.5
1996-11-01,,,,,,,,,,,,,,,,,103.7,106.5,101.8
1996-12-01,,,,,,,,,,,,,,,,,105.1,112.1,101.6
1997-01-01,,,,,,,,,,,,,,,,,102.8,96.8,101.2
1997-02-01,,,,,,,,,,,,,,,,,104.7,101.5,111.7
1997-03-01,,,,,,,,,,,,,,,,,102.3,100.2,105.6
1997-04-01,,,,,,,,,,,,,,,,,100.5,100.9,100.9
1997-05-01,,,,,,,,,,,,,,,,,100.3,99.8,100.7
1997-06-01,,,,,,,,,,,,,,,,,101.0,100.3,102.3
1997-07-01,,,,,,,,,,,,,,,,,100.0,100.0,100.1
1997-08-01,,,,,,,,,,,,,,,,,106.1,102.7,99.5
1997-09-01,,,,,,,,,,,,,,,,,102.7,99.6,99.8
1997-10-01,,,,,,,,,,,,,,,,,99.3,99.3,99.9
1997-11-01,,,,,,,,,,,,,,,,,99.7,100.9,99.9
1997-12-01,,,,,,,,,,,,,,,,,99.9,100.2,100.0
1998-01-01,,,,,,,,,,,,,,,,,96.2,100.1,95.8
1998-02-01,,,,,,,,,,,,,,,,,103.9,100.1,104.7
1998-03-01,,,,,,,,,,,,,,,,,99.3,99.5,99.0
1998-04-01,,,,,,,,,,,,,,,,,99.4,100.0,99.1
1998-05-01,,,,,,,,,,,,,,,,,100.0,100.1,100.1
1998-06-01,,,,,,,,,,,,,,,,,101.1,100.0,101.3
1998-07-01,,,,,,,,,,,,,,,,,102.1,100.0,100.1
1998-08-01,,,,,,,,,,,,,,,,,100.2,104.0,99.8
1998-09-01,,,,,,,,,,,,,,,,,99.8,103.9,99.3
1998-10-01,,,,,,,,,,,,,,,,,99.7,100.0,100.0
1998-11-01,,,,,,,,,,,,,,,,,98.0,101.0,96.3
1998-12-01,,,,,,,,,,,,,,,,,100.8,97.5,102.1
1999-01-01,,,,,,,,,,,,,,,,,100.0,100.1,95.8
1999-02-01,,,,,,,,,,,,,,,,,104.6,100.1,104.7
1999-03-01,,,,,,,,,,,,,,,,,99.4,99.5,99.0
1999-04-01,,,,,,,,,,,,,,,,,98.9,100.0,99.1
1999-05-01,,,,,,,,,,,,,,,,,100.1,100.1,100.1
1999-06-01,,,,,,,,,,,,,,,,,101.3,100.0,101.3
1999-07-01,,,,,,,,,,,,,,,,,100.8,100.0,100.1
1999-08-01,,,,,,,,,,,,,,,,,99.5,104.0,99.8
1999-09-01,,,,,,,,,,,,,,,,,99.4,103.9,99.3
1999-10-01,,,,,,,,,,,,,,,,,99.4,100.0,100.0
1999-11-01,,,,,,,,,,,,,,,,,97.6,101.0,96.3
1999-12-01,,,,,,,,,,,,,,,,,101.6,97.5,102.1
2000-01-01,,,,,,,,,,,,,,,,,97.9,100.3,98.1
2000-02-01,,,,,,,,,,,,,,,,,102.1,98.8,101.7
2000-03-01,,,,,,,,,,,,,,,,,100.1,102.5,99.8
2000-04-01,,,,,,,,,,,,,,,,,100.0,100.6,100.0
2000-05-01,,,,,,,,,,,,,,,,,100.7,99.3,100.6
2000-06-01,,,,,,,,,,,,,,,,,100.8,100.4,101.1
2000-07-01,,,,,,,,,,,,,,,,,102.0,104.3,102.1
2000-08-01,,,,,,,,,,,,,,,,,100.1,100.1,99.6
2000-09-01,,,,,,,,,,,,,,,,,98.9,102.2,99.3
2000-10-01,,,,,,,,,,,,,,,,,99.2,99.9,99.1
2000-11-01,,,,,,,,,,,,,,,,,101.7,96.3,102.6
2000-12-01,,,,,,,,,,,,,,,,,101.0,101.0,100.5
2001-01-01,,,,,,,,,,,,,,,,,99.7,99.8,99.3
2001-02-01,,,,,,,,,,,,,,,,,99.8,95.8,100.9
2001-03-01,,,,,,,,,,,,,,,,,99.8,99.6,98.8
2001-04-01,,,,,,,,,,,,,,,,,99.1,100.0,99.2
2001-05-01,,,,,,,,,,,,,,,,,100.4,101.9,100.8
2001-06-01,,,,,,,,,,,,,,,,,101.3,100.4,101.1
2001-07-01,,,,,,,,,,,,,,,,,99.9,99.1,99.9
2001-08-01,,,,,,,,,,,,,,,,,99.7,99.5,100.1
2001-09-01,,,,,,,,,,,,,,,,,100.4,102.9,100.1
2001-10-01,,,,,,,,,,,,,,,,,99.7,102.7,99.8
2001-11-01,,,,,,,,,,,,,,,,,101.6,98.6,101.6
2001-12-01,,,,,,,,,,,,,,,,,100.4,97.6,100.4
2002-01-01,,,,,,,,,,,,,,,,,99.5,98.2,99.4
2002-02-01,,,,,,,,,,,,,,,,,100.1,99.8,100.4
2002-03-01,,,,,,,,,,,,,,,,,100.5,101.1,100.7
2002-04-01,,,,,,,,,,,,,,,,,101.2,100.5,101.5
2002-05-01,,,,,,,,,,,,,,,,,100.8,100.0,100.5
2002-06-01,,,,,,,,,,,,,,,,,100.3,99.8,100.4
2002-07-01,,,,,,,,,,,,,,,,,99.6,100.2,98.8
2002-08-01,,,,,,,,,,,,,,,,,97.0,100.7,96.7
2002-09-01,,,,,,,,,,,,,,,,,99.5,99.9,100.0
2002-10-01,,,,,,,,,,,,,,,,,103.7,100.0,104.3
2002-11-01,,,,,,,,,,,,,,,,,100.5,99.8,100.5
2002-12-01,,,,,,,,,,,,,,,,,100.5,100.1,100.7
2003-01-01,,,,,,,,,,,,,,,,,99.6,96.2,99.8
2003-02-01,,,,,,,,,,,,,,,,,100.2,100.4,99.9
2003-03-01,,,,,,,,,,,,,,,,,100.6,99.4,100.5
2003-04-01,,,,,,,,,,,,,,,,,100.0,99.4,100.4
2003-05-01,,,,,,,,,,,,,,,,,99.6,97.9,99.6
2003-06-01,,,,,,,,,,,,,,,,,99.8,99.1,99.7
2003-07-01,,,,,,,,,,,,,,,,,100.1,100.4,100.0
2003-08-01,,,,,,,,,,,,,,,,,98.3,100.9,98.2
2003-09-01,,,,,,,,,,,,,,,,,101.0,102.1,101.3
2003-10-01,,,,,,,,,,,,,,,,,98.4,99.4,98.1
2003-11-01,,,,,,,,,,,,,,,,,97.7,102.0,97.9
2003-12-01,,,,,,,,,,,,,,,,,101.5,99.3,101.4
2004-01-01,,,,,,,,,,,,,,,,,99.8,99.0,100.0
2004-02-01,,,,,,,,,,,,,,,,,100.4,99.9,100.0
2004-03-01,,,,,,,,,,,,,,,,,107.7,100.2,99.6
2004-04-01,,,,,,,,,,,,,,,,,99.7,102.2,99.6
2004-05-01,,,,,,,,,,,,,,,,,98.7,103.5,97.4
2004-06-01,,,,,,,,,,,,,,,,,99.5,99.4,100.2
2004-07-01,,,,,,,,,,,,,,,,,97.3,96.6,97.4
2004-08-01,,,,,,,,,,,,,,,,,97.4,101.4,97.1
2004-09-01,,,,,,,,,,,,,,,,,99.3,101.0,99.6
2004-10-01,,,,,,,,,,,,,,,,,98.6,100.1,98.3
2004-11-01,,,,,,,,,,,,,,,,,99.6,105.6,99.2
2004-12-01,,,,,,,,,,,,,,,,,99.1,101.8,99.4
2005-01-01,,,,,,,,,,,,,,,,,97.3,97.9,97.0
2005-02-01,,,,,,,,,,,,,,,,,98.9,98.3,98.5
2005-03-01,,,,,,,,,,,,,,,,,98.7,100.7,98.5
2005-04-01,,,,,,,,,,,,,,,,,98.5,102.5,97.2
2005-05-01,,,,,,,,,,,,,,,,,97.4,99.8,95.9
2005-06-01,,,,,,,,,,,,,,,,,100.7,99.8,101.4
2005-07-01,,,,,,,,,,,,,,,,,99.5,99.9,99.3
2005-08-01,,,,,,,,,,,,,,,,,106.0,102.1,106.5
2005-09-01,,,,,,,,,,,,,,,,,97.7,105.3,94.3
2005-10-01,,,,,,,,,,,,,,,,,99.4,98.9,99.3
2005-11-01,,,,,,,,,,,,,,,,,101.0,98.5,102.5
2005-12-01,,,,,,,,,,,,,,,,,100.0,99.0,99.4
2006-01-01,,,,,,,,,,,,,,,,,99.1,99.5,103.4
2006-02-01,,,,,,,,,,,,,,,,,100.0,100.0,100.0
2006-03-01,,,,,,,,,,,,,,,,,100.5,100.2,100.0
2006-04-01,,,,,,,,,,,,,,,,,120.3,99.9,100.0
2006-05-01,,,,,,,,,,,,,,,,,99.9,100.1,100.0
2006-06-01,,,,,,,,,,,,,,,,,99.7,100.0,100.0
2006-07-01,,,,,,,,,,,,,,,,,100.0,100.3,100.0
2006-08-01,,,,,,,,,,,,,,,,,100.1,102.0,100.0
2006-09-01,,,,,,,,,,,,,,,,,100.0,101.1,100.0
2006-10-01,,,,,,,,,,,,,,,,,99.6,99.2,100.0
2006-11-01,,,,,,,,,,,,,,,,,99.6,98.4,100.0
2006-12-01,,,,,,,,,,,,,,,,,99.7,99.6,100.0
2007-01-01,,,,,,,,,,,,,,,107.3,104.0,115.0,99.3,100.7
2007-02-01,,,,,,,,,,,,,,,93.4,96.4,99.9,99.7,100.2
2007-03-01,,,,,,,,,,,,,,,116.5,103.5,100.5,100.1,102.7
2007-04-01,,,,,,,,,,,,,,,99.9,100.0,100.5,100.4,102.1
2007-05-01,,,,,,,,,,,,,,,105.7,105.8,98.8,97.8,97.2
2007-06-01,,,,,,,,,,,,,,,99.2,96.0,99.7,99.7,99.3
2007-07-01,,,,,,,,,,,,,,,96.5,107.6,100.2,98.5,103.3
2007-08-01,,,,,,,,,,,,,,,91.3,90.4,99.7,99.5,99.3
2007-09-01,,,,,,,,,,,,,,,123.5,102.4,100.0,99.0,101.1
2007-10-01,,,,,,,,,,,,,,,88.1,102.5,100.2,101.2,100.1
2007-11-01,,,,,,,,,,,,,,,104.2,99.9,101.0,104.0,98.5
2007-12-01,,,,,,,,,,,,,,,88.1,97.3,99.7,99.6,99.8
2008-01-01,,,,,,,,,,,,,,,108.6,100.6,99.5,102.9,97.2
2008-02-01,,,,,,,,,,,,,,,99.5,109.7,102.2,102.2,107.0
2008-03-01,,,,,,,,,,,,,,,106.3,97.9,100.8,101.1,102.8
2008-04-01,,,,,,,,,,,,,,,98.6,102.8,99.4,100.0,97.2
2008-05-01,,,,,,,,,,,,,,,100.3,100.7,100.3,104.4,97.8
2008-06-01,,,,,,,,,,,,,,,101.9,100.6,100.7,101.0,102.6
2008-07-01,,,,,,,,,,,,,,,104.2,101.7,103.3,100.8,114.2
2008-08-01,,,,,,,,,,,,,,,109.9,98.9,104.4,99.4,118.5
2008-09-01,,,,,,,,,,,,,,,94.7,100.1,98.1,99.9,93.3
2008-10-01,,,,,,,,,,,,,,,88.7,100.1,99.9,99.3,100.0
2008-11-01,,,,,,,,,,,,,,,88.2,100.9,99.7,98.4,100.0
2008-12-01,,,,,,,,,,,,,,,87.0,93.7,99.4,96.0,100.0
2009-01-01,,,,,,,,,,,,,,,105.5,102.3,93.6,98.6,103.0
2009-02-01,,,,,,,,,,,,,,,91.9,97.2,99.8,99.4,100.0
2009-03-01,,,,,,,,,,,,,,,73.0,117.0,101.2,102.0,100.0
2009-04-01,,,,,,,,,,,,,,,146.1,104.0,108.4,101.1,99.2
2009-05-01,,,,,,,,,,,,,,,99.2,103.3,101.3,104.4,100.0
2009-06-01,,,,,,,,,,,,,,,111.5,99.8,99.8,100.8,95.7
2009-07-01,,,,,,,,,,,,,,,77.7,99.2,98.5,95.3,98.7
2009-08-01,,,,,,,,,,,,,,,110.6,97.9,99.6,101.4,94.9
2009-09-01,,,,,,,,,,,,,,,93.1,101.7,100.5,98.9,104.7
2009-10-01,,,,,,,,,,,,,,,100.2,98.3,101.2,100.8,105.3
2009-11-01,,,,,,,,,,,,,,,143.2,102.4,100.4,102.3,98.6
2009-12-01,,,,,,,,,,,,,,,93.7,96.1,100.3,101.8,99.3
2010-01-01,59153.312,11342.029,11047.774,33426.439,13028.632,1356.212,108.4,137.8,138.0,109.5,89.5,108.8,30.6,50.1,100.3,116.5,102.1,100.5,110.3
2010-02-01,60574.618,10334.729,9946.715,37412.496,11469.982,1357.411,111.2,160.3,160.8,109.6,91.1,106.5,33.3,51.6,102.2,85.5,99.6,99.7,98.6
2010-03-01,70271.791,12937.537,12481.541,47189.211,8738.589,1406.454,115.8,169.1,169.1,112.4,90.9,103.4,39.7,52.5,102.4,109.0,100.0,99.8,99.7
2010-04-01,71448.519,12597.475,12177.867,48666.547,8790.333,1394.164,123.6,131.3,131.0,127.6,99.4,107.5,38.4,49.6,110.1,98.1,116.1,101.6,97.8
2010-05-01,67272.913,10871.259,10431.896,47746.841,7263.646,1391.167,110.5,115.8,117.5,113.5,89.6,101.6,42.8,49.5,89.2,107.8,99.2,97.8,99.3
2010-06-01,69167.456,11118.125,10549.642,48031.087,8555.691,1462.553,109.4,134.0,135.2,106.4,102.4,108.5,50.4,53.3,100.2,93.9,98.9,97.9,97.3
2010-07-01,71610.628,11337.25,10680.753,50376.722,8280.265,1616.391,107.6,110.8,110.8,106.9,108.3,107.0,54.4,51.8,92.7,99.0,101.4,100.4,108.2
2010-08-01,77798.429,12495.185,11800.045,55946.463,7733.215,1623.566,115.8,116.0,117.4,117.4,106.2,110.1,64.5,51.6,110.8,95.1,99.7,98.4,100.4
2010-09-01,83181.971,12581.27,12008.524,60890.93,8070.446,1639.325,109.6,112.8,115.0,116.5,72.8,111.8,75.8,51.9,101.9,103.5,100.5,102.0,100.2
2010-10-01,81066.118,12902.927,12318.349,57834.181,8763.342,1565.668,101.7,102.6,103.3,109.2,68.3,105.9,66.2,54.5,94.7,105.6,100.0,98.3,102.6
2010-11-01,87361.223,13404.383,12898.972,61649.563,10757.04,1550.237,105.5,108.4,107.8,110.4,81.2,107.4,61.7,54.8,105.4,96.9,100.0,100.6,99.0
2010-12-01,101671.007,14731.216,14344.904,72296.47,13019.195,1624.126,112.2,128.4,129.5,115.9,85.0,109.2,69.0,53.3,104.4,98.8,100.4,103.5,98.9
2011-01-01,65687.348,13164.448,13053.047,35058.774,16059.908,1404.218,99.9,108.7,109.5,97.3,99.6,97.7,32.8,53.4,98.2,108.3,99.7,102.5,94.3
2011-02-01,73697.104,12337.077,12136.322,43540.214,16327.326,1492.487,106.2,101.6,102.9,106.4,110.0,103.1,34.1,52.6,109.5,100.4,101.0,99.6,105.6
2011-03-01,83849.174,13334.923,12983.755,54996.002,14049.179,1469.07,106.1,102.3,103.4,104.4,123.4,93.0,40.2,53.3,103.6,103.7,101.6,102.0,102.4
2011-04-01,84045.292,15377.516,15055.002,55289.486,11845.867,1532.423,113.7,122.2,123.8,108.4,131.4,112.1,41.6,54.0,97.1,100.7,101.0,99.6,105.1
2011-05-01,88469.471,14881.372,14423.327,59303.086,12772.415,1512.598,121.3,129.3,129.9,117.3,135.1,110.6,47.3,54.5,104.6,96.8,99.9,100.9,98.1
2011-06-01,91547.696,14519.836,14074.501,62397.697,13054.268,1575.895,119.8,112.9,113.7,116.4,152.6,106.4,51.7,54.8,100.3,101.2,98.7,96.2,99.7
2011-07-01,82569.89,15215.888,14689.306,54194.24,11537.627,1622.135,103.9,116.9,118.6,100.8,104.5,106.3,58.2,55.6,90.2,96.1,99.5,96.9,102.8
2011-08-01,89680.192,15019.759,14507.143,61616.289,11418.158,1625.986,108.6,115.4,117.2,106.1,114.0,109.1,70.3,55.7,107.4,100.1,100.4,99.5,102.5
2011-09-01,103566.836,13953.527,13436.115,77841.267,10199.796,1572.246,113.9,113.2,113.3,117.1,96.3,104.7,82.9,56.9,100.2,108.5,100.8,103.4,98.7
2011-10-01,107273.12,13599.092,13205.324,79428.234,12713.243,1532.551,126.3,114.6,116.0,132.1,111.7,106.8,68.9,56.9,91.2,94.4,102.2,99.9,110.5
2011-11-01,114400.57,13472.295,13135.345,84702.799,14740.476,1485.0,131.0,106.9,108.8,135.5,139.1,104.7,63.9,57.0,107.6,101.2,100.4,100.9,100.2
2011-12-01,134141.95,14242.193,13923.356,98552.073,19835.494,1512.19,127.0,105.1,106.0,127.5,152.1,101.4,73.1,56.5,96.4,102.3,100.9,103.0,99.9
2012-01-01,76477.297,14133.398,14002.17,40063.802,20991.719,1288.378,120.8,117.9,118.0,120.3,126.0,105.7,35.4,56.9,95.4,105.1,97.5,97.3,93.5
2012-02-01,85205.97,13406.567,13227.412,48275.913,22194.162,1329.328,117.2,111.5,111.9,111.9,135.0,143.6,37.3,55.1,103.1,101.6,98.8,97.2,99.3
2012-03-01,92481.163,15001.358,14714.772,55768.476,20498.116,1213.213,108.6,112.6,113.5,101.1,133.5,134.8,43.0,57.2,108.9,100.5,101.1,102.9,100.0
2012-04-01,93451.867,16598.027000000002,16303.454,61251.805,14169.265,1432.77,110.1,112.4,113.2,110.9,100.0,138.9,45.3,58.8,89.0,98.2,100.7,103.3,97.9
2012-05-01,101966.228,17212.673,16846.364,69635.825,13723.963,1393.767,115.4,124.8,126.1,115.6,101.6,138.4,51.7,59.9,99.5,104.8,99.8,97.3,102.8
2012-06-01,99166.477,16211.452,15738.271,67054.385,14473.283,1427.357,106.1,110.7,111.1,105.5,100.3,138.7,56.3,59.8,102.0,95.8,101.0,99.3,104.8
2012-07-01,100209.766,17107.434,16695.548,67567.537,14055.817,1478.978,116.1,117.5,118.3,118.9,100.9,133.6,63.0,60.0,102.5,101.5,101.5,101.4,104.3
2012-08-01,101626.308,17813.406,17399.026,68792.444,13464.632,1555.826,108.6,118.4,119.6,106.9,101.7,137.1,76.6,60.1,101.8,99.9,98.0,96.7,96.6
2012-09-01,107348.824,15937.023,15206.284,75649.389,14244.637,1517.775,100.2,114.3,113.3,94.5,115.8,138.4,87.1,60.7,99.2,99.4,98.8,100.5,94.1
2012-10-01,119057.773,15854.693,15317.001,81805.333,19458.401,1939.346,99.8,105.9,105.1,95.0,117.8,127.5,72.4,59.5,98.7,100.8,100.7,102.9,98.6
2012-11-01,129895.781,16351.035,15840.687,89909.51,22232.327,1402.909,103.0,113.7,113.6,98.5,115.5,135.0,67.5,60.7,102.7,102.1,98.9,97.6,99.0
2012-12-01,153001.737,17696.926,16135.122,111628.569,22217.807,1458.435,107.4,115.8,107.9,108.8,93.5,144.2,77.7,60.6,94.3,100.7,100.6,100.8,101.4
2013-01-01,97804.012,16709.701,16547.172,53642.242,26089.613,1362.456,118.2,108.7,108.7,123.0,114.3,134.0,38.7,61.8,102.2,95.0,100.9,101.4,101.8
2013-02-01,97900.378,14459.861,14267.669,61307.554,20798.767,1334.196,112.1,121.9,122.2,119.4,90.8,99.1,40.5,61.3,105.3,102.9,99.4,98.6,100.0
2013-03-01,106124.167,15873.654,15556.946,71188.894,17721.79,1339.829,113.0,118.9,119.1,120.3,89.1,105.4,46.4,61.6,96.1,97.2,100.2,99.6,102.3
2013-04-01,94763.05,15733.557,15336.358,65965.789,11649.561,1414.143,102.2,112.0,111.6,103.3,86.1,104.0,47.1,60.5,101.8,104.0,100.0,98.9,102.5
2013-05-01,95820.707,18154.917,17654.263,64466.945,11691.686,1507.159,92.3,112.5,112.1,88.9,81.9,108.3,51.0,59.4,95.5,101.1,99.8,99.3,100.4
2013-06-01,107893.494,18354.82,17573.467,72553.151,15473.891,1511.632,108.2,125.7,125.0,104.9,104.3,104.7,57.1,60.6,105.0,100.6,100.3,101.5,98.0
2013-07-01,100239.915,15753.228,15264.203,65696.159,17178.561,1611.967,97.7,97.1,97.2,96.0,105.4,107.5,64.2,61.0,90.2,98.0,113.4,99.1,97.3
2013-08-01,108898.114,18640.202,18148.529,71679.761,16971.352,1606.799,101.7,103.6,103.7,101.1,102.2,103.5,79.1,61.8,103.4,103.7,99.6,99.2,99.6
2013-09-01,124641.86,15290.901,14641.73,88409.80500000001,19370.377,1570.777,112.1,94.8,95.8,117.2,105.2,104.2,87.3,61.0,99.1,94.6,100.6,101.2,100.7
2013-10-01,143099.11000000002,17243.546000000002,16732.294,96245.663,28074.249,1535.652,114.8,111.0,111.9,116.0,113.7,106.4,75.8,62.3,99.2,104.2,99.7,98.6,101.2
2013-11-01,141782.668,15789.351,15403.237,97022.99,27472.274,1498.053,103.0,103.4,104.6,103.2,101.0,111.0,68.7,62.9,99.2,95.5,101.0,103.5,98.3
2013-12-01,170259.934,14671.364,14212.715,116098.904,38011.173,1478.493,104.4,93.3,95.7,101.7,126.4,105.7,82.0,63.9,101.1,102.3,99.8,100.4,98.1
2014-01-01,90119.43,15031.601,14964.096,49003.04,24676.88,1407.909,96.5,96.7,97.3,92.2,108.4,102.9,39.4,62.9,100.6,95.8,102.1,101.1,111.1
2014-02-01,92562.484,13389.041,13237.615,57808.171,19933.181,1432.091,95.1,94.2,94.5,93.9,99.1,107.5,42.4,63.3,100.1,103.6,98.9,96.0,103.3
2014-03-01,104746.275,16155.401,15869.61,69155.401,17996.081000000002,1439.392,98.8,105.4,105.9,99.3,88.9,107.9,48.7,63.6,99.8,99.1,99.4,98.3,100.6
2014-04-01,104225.815,17084.448,16701.27,69440.93400000001,16224.051,1476.382,100.9,96.9,97.0,98.5,123.5,106.5,49.9,63.4,101.9,100.5,100.7,101.0,101.8
2014-05-01,107484.561,17020.314000000002,16599.132,73959.327,14979.667,1525.253,105.6,79.0,79.1,113.2,106.7,106.3,53.6,62.8,101.2,95.1,98.8,98.0,97.6
2014-06-01,111936.679,15613.163,15153.46,81062.033,13701.79,1559.693,98.4,75.0,75.7,109.2,71.8,104.9,59.1,62.0,102.2,103.1,100.2,100.5,100.3
2014-07-01,119105.708,16165.706,15664.096,84798.654,16518.493,1622.855,109.5,88.7,88.8,121.4,82.5,101.9,67.3,63.7,99.5,100.1,100.1,99.7,101.2
2014-08-01,113615.841,17435.863,16575.302,76211.745,18242.643,1725.59,97.2,83.7,81.1,102.4,87.4,107.7,82.8,65.1,95.3,98.3,99.3,98.5,99.1
2014-09-01,134134.731,16559.278000000002,16010.388,96705.242,19161.901,1708.31,105.8,107.3,107.9,104.5,111.7,108.8,92.5,65.0,98.6,97.8,100.9,102.1,100.4
2014-10-01,146124.272,16924.864,16357.077,104200.772,23368.081,1630.555,103.2,95.2,94.7,101.2,122.0,107.4,79.7,65.4,98.2,100.7,99.4,98.9,99.3
2014-11-01,146779.516,15449.365,15069.561,107440.485,22327.155,1562.511,105.2,94.4,94.4,106.0,109.8,105.0,69.7,65.2,103.5,102.9,100.7,100.7,102.6
2014-12-01,166366.732,16351.283,16035.912,123853.846,24626.433,1535.17,100.1,102.5,103.1,102.3,88.9,104.0,83.0,64.7,103.0,107.2,102.7,103.7,107.3
2015-01-01,90767.977,15478.112,15397.625,51613.975,22146.565,1529.325,93.6,102.0,101.9,99.1,77.0,107.5,40.2,64.0,97.1,104.9,101.2,101.4,104.3
2015-02-01,104415.409,18923.288,18753.207,63232.508,20618.977,1640.636,107.3,146.8,147.3,104.7,88.0,112.9,44.2,65.0,102.1,95.9,98.4,97.5,96.2
2015-03-01,113019.454,20898.138,20643.46,69827.517,20685.724,1608.075,103.6,135.6,136.5,97.1,99.2,110.0,49.7,63.8,96.9,98.2,99.1,97.9,99.8
2015-04-01,113892.302,20440.53,20127.213,72256.943,19580.658,1614.171,109.1,139.5,140.8,102.0,107.9,108.3,51.7,64.8,103.2,98.2,100.4,100.2,102.3
2015-05-01,111435.145,19517.068,19121.925,70525.301,19756.038,1636.738,103.6,137.2,138.2,92.2,122.9,106.1,55.2,64.2,100.2,105.9,99.8,99.3,100.6
2015-06-01,118711.148,17944.217,17484.625,79900.739,19100.115,1766.077,106.9,147.4,148.7,95.3,129.4,112.4,64.2,66.4,104.2,98.8,99.7,100.4,97.0
2015-07-01,115108.893,14659.303,14277.918,81074.46800000001,17512.136,1862.986,99.0,132.3,133.9,92.5,98.5,113.8,70.1,66.4,93.4,94.3,99.0,97.9,98.9
2015-08-01,121795.264,16055.888,15269.171,80715.975,23126.246,1897.155,113.1,139.0,141.5,104.1,127.4,109.3,86.4,68.7,100.2,110.6,100.4,100.3,102.0
2015-09-01,133019.727,20510.885,19896.006,87949.885,22697.954,1861.003,106.0,183.0,185.5,90.7,117.5,108.4,94.5,67.7,93.6,88.1,100.3,101.2,99.1
2015-10-01,141899.50400000002,17485.275,16641.798,99899.81,22688.411,1826.008,104.4,160.8,161.1,96.9,96.4,110.9,81.2,67.0,100.8,103.0,99.0,98.1,98.3
2015-11-01,146528.954,19638.905,19107.336,99322.009,25779.688,1788.352,107.8,191.0,192.3,95.1,110.8,113.7,69.5,65.7,100.6,102.8,100.2,98.6,105.2
2015-12-01,172603.166,19610.943,19295.196,121012.519,30329.954,1649.75,115.1,187.8,189.5,103.8,125.4,107.9,84.2,66.0,96.5,97.8,99.9,100.5,98.3
2016-01-01,96412.769,19249.316,19195.459,46941.659,28497.05,1724.744,114.5,175.9,176.5,93.0,122.8,113.5,42.4,66.8,102.6,104.7,100.3,101.0,96.0
2016-02-01,103637.899,18329.067,18205.196,58932.347,24632.291,1744.194,103.1,113.4,113.8,94.7,119.5,106.8,46.7,65.2,108.0,94.3,99.7,99.2,101.6
2016-03-01,116972.217,19941.982,19429.498,72898.369,22395.42,1736.446,106.5,105.0,103.8,105.6,111.2,108.0,53.2,66.9,93.0,99.2,100.3,100.9,98.6
2016-04-01,124133.538,19661.132,19320.902,81160.84300000001,21540.961,1770.602,111.7,104.7,104.7,112.8,115.0,109.7,55.0,67.9,98.8,92.1,100.1,100.2,101.0
2016-05-01,118133.813,21519.435,21076.686,76861.554,17976.603,1776.221,109.2,112.4,112.5,111.2,98.9,108.8,58.4,66.5,104.1,101.7,99.6,99.0,101.2
2016-06-01,130479.06,23477.327,22834.702,87808.45,17375.034,1818.249,109.3,114.6,114.0,110.7,99.0,103.1,65.6,67.1,92.6,98.3,99.4,98.4,101.1
2016-07-01,122123.027,22120.981,21570.272,78850.543,19260.52,1890.983,102.9,120.6,120.0,96.5,118.5,101.5,67.7,64.7,105.6,99.8,119.6,100.9,98.1
2016-08-01,129062.18,21224.671,20697.224,85807.513,20011.523,2018.473,102.2,102.7,104.6,106.7,85.8,106.4,84.0,67.6,100.2,100.8,99.4,98.1,100.1
2016-09-01,142360.03100000002,22885.184,22209.537,97961.724,19515.848,1997.275,105.1,89.3,88.5,113.5,86.0,107.5,92.3,67.9,99.6,105.4,99.4,98.3,99.3
2016-10-01,147012.234,21593.709,21079.621,102377.799,21124.266,1916.46,101.6,95.7,97.5,104.7,91.8,105.3,75.1,62.6,93.2,99.9,99.6,98.9,100.3
2016-11-01,160464.345,22855.892,22337.439,111276.08,24515.996,1816.377,107.0,89.1,88.8,114.0,93.5,101.1,72.0,68.3,106.4,97.0,100.6,101.9,101.1
2016-12-01,178759.464,23584.156,23142.217,124583.363,28701.016,1890.929,101.3,92.8,92.0,104.4,93.8,114.3,84.5,66.2,99.4,100.3,99.5,98.3,100.4
2017-01-01,110043.526,22667.895,22523.982,55486.05,29956.309,1933.272,111.2,96.0,95.6,117.7,110.9,106.8,45.3,69.4,102.5,100.9,100.9,102.4,99.0
2017-02-01,124444.173,24433.449,24112.678,72992.416,25104.357,1913.951,119.6,117.9,117.0,125.2,108.6,104.4,49.7,70.5,102.4,101.3,101.2,103.1,99.3
2017-03-01,139515.919,30040.237,29367.738,85614.689,21773.959,2087.034,116.9,128.2,128.1,119.0,100.1,115.1,56.7,69.9,98.1,99.3,100.3,100.5,101.1
2017-04-01,132504.217,25970.483,25322.349,87010.291,17856.947,1666.496,104.6,113.0,111.6,107.7,86.3,89.4,56.9,70.2,101.0,101.8,100.6,100.4,104.4
2017-05-01,145671.479,27853.236,27106.108,97675.082,18083.534,2059.627,119.1,109.5,108.3,127.0,97.3,110.0,63.9,71.6,101.2,96.9,98.5,96.7,98.8
2017-06-01,140072.108,25290.837,24365.622,95424.5,16920.139,2436.632,103.6,94.2,92.8,107.7,93.4,127.6,69.0,70.0,100.4,98.0,99.6,99.1,99.9
2017-07-01,144456.883,27959.678,27240.224,93064.242,21281.846,2151.117,114.0,110.1,109.4,116.8,107.8,108.9,73.5,69.9,105.2,102.3,99.7,100.2,96.3
2017-08-01,147917.092,28764.565,27964.241,96331.91,20509.338,2311.279,110.1,121.1,120.2,108.5,105.4,109.4,87.6,72.3,96.8,99.5,100.3,100.4,101.5
2017-09-01,161314.729,29672.107,28535.187,108815.472,20587.517,2239.6330000000003,107.3,110.8,108.9,105.5,112.0,107.1,95.4,72.7,104.3,102.5,100.2,100.1,101.4
2017-10-01,179763.239,32895.376000000004,31818.343,126701.875,17962.74,2203.248,111.0,125.1,123.1,112.2,91.5,109.2,87.8,73.6,102.8,98.4,99.8,99.4,100.5
2017-11-01,186876.621,31159.943,30330.351,132279.534,21265.227,2171.917,108.1,122.6,121.7,108.1,94.2,114.6,78.2,74.2,97.8,102.9,100.8,101.2,102.9
2017-12-01,223798.936,32181.68,31465.059,162246.63700000002,27523.141,1847.478,115.5,123.2,122.5,117.4,102.5,95.0,94.8,73.9,102.0,100.5,100.9,101.3,103.6
2018-01-01,130511.624,29408.951,29119.602,71334.967,27680.796,2086.91,113.8,109.8,109.3,127.2,92.6,104.8,50.5,75.3,102.4,101.5,98.2,98.3,92.7
2018-02-01,131634.472,24396.86,23788.892,82935.201,22382.032,1920.379,103.8,87.3,86.1,111.5,97.8,96.5,54.1,75.3,97.9,99.0,101.7,102.8,102.2
2018-03-01,153538.633,28038.515,27132.579,102953.773,20533.853,2012.492,108.8,82.8,81.7,119.6,103.7,92.4,63.0,76.5,99.7,101.0,99.2,98.9,98.0
2018-04-01,133147.858,26934.594,25873.911,86545.995,17703.686,1963.583,98.2,90.7,89.1,99.0,104.0,113.9,60.8,74.4,103.1,100.6,99.4,98.2,102.8
2018-05-01,143461.658,23668.12,22517.071,99618.102,18042.396,2133.04,97.6,82.1,80.3,100.2,106.7,99.2,67.3,75.1,96.3,100.0,101.1,101.7,102.0
2018-06-01,152379.34900000002,26428.926,25389.373,103327.839,20375.272,2247.312,105.5,93.5,93.0,105.6,125.8,88.4,75.6,76.5,105.3,98.9,99.5,99.2,99.1
2018-07-01,155670.277,24703.649,23395.822,105625.956,22970.898,2369.774,107.2,84.8,82.3,112.7,113.1,104.5,81.5,76.5,94.6,101.5,99.8,100.5,96.2
2018-08-01,154683.607,24145.065,22825.053,106975.356,21149.399,2413.7870000000003,105.3,92.0,89.8,108.6,109.3,99.5,87.9,74.4,98.9,96.8,100.6,100.6,102.2
2018-09-01,163500.579,19272.861,17940.68,122907.839,18913.641,2406.238,101.2,71.7,69.9,110.3,95.7,102.0,94.8,74.8,102.0,100.7,101.0,101.2,103.2
2018-10-01,194080.53,25791.931,24511.684,144931.325,21085.664,2271.61,105.9,85.9,84.8,109.0,121.5,97.6,90.2,76.1,97.6,98.9,98.7,99.5,91.8
2018-11-01,189553.01,20657.373,18432.547,143565.01,23571.917,1758.71,98.8,70.2,64.4,102.7,119.1,76.4,81.0,76.4,101.2,101.1,99.9,99.2,102.9
2018-12-01,233099.986,27298.39,26346.357,179131.195,24577.795,2092.606,102.2,88.8,87.7,106.0,95.5,107.4,100.6,77.8,100.3,97.3,100.7,101.6,98.3
2019-01-01,124934.474,23225.277,22705.296,76275.356,23420.103,2013.738,98.8,90.2,89.3,104.5,93.3,95.7,53.3,78.5,99.7,106.6,99.7,99.8,98.2
2019-02-01,136840.575,22011.229,21270.803,92151.472,20677.025,2000.849,103.9,95.6,94.8,109.5,92.6,101.9,58.1,79.4,102.4,98.1,101.1,100.6,107.7
2019-03-01,160751.932,28652.525,27858.284,108235.733,21816.096,2047.578,102.1,100.8,101.3,101.6,106.6,102.0,66.6,80.3,105.9,99.8,100.5,100.9,99.8
2019-04-01,151122.416,25539.285,24733.896,103512.798,19954.619,2115.714,113.2,104.2,105.2,116.1,113.4,106.5,66.5,80.2,96.1,98.8,99.4,99.5,96.7
2019-05-01,159462.372,29816.457,28884.483,110560.309,16871.002,2214.6040000000003,110.2,124.8,127.0,109.5,95.4,103.8,72.2,80.4,94.5,98.3,99.3,99.6,96.3
2019-06-01,163390.095,29946.068,28930.154,110373.904,20688.571,2381.552,110.2,128.6,129.8,107.3,101.0,106.2,78.2,79.4,97.6,98.7,100.0,99.8,100.8
2019-07-01,166356.109,28370.509,27264.895,114969.35,20883.408,2132.842,108.3,127.0,129.3,107.7,92.4,90.5,88.3,82.2,100.9,101.6,99.8,99.5,101.0
2019-08-01,181161.497,38249.106,36535.277,117980.289,22711.781,2220.321,116.8,155.0,156.5,110.2,109.3,91.9,94.5,82.3,101.3,103.6,99.9,99.7,101.0
2019-09-01,184309.076,33950.974,32426.243,127908.824,20342.173,2107.105,111.0,170.1,174.2,102.5,109.1,87.9,101.9,81.7,104.4,97.3,100.2,100.4,99.2
2019-10-01,198954.639,31684.655,29971.449,146268.555,19005.314,1996.115,102.7,129.2,128.9,100.1,90.1,88.3,97.5,83.1,97.1,97.8,100.3,100.5,100.7
2019-11-01,212687.264,32012.109,30370.993,156959.395,21829.141,1886.619,113.8,166.0,177.0,109.8,93.0,108.5,89.0,83.6,95.2,100.9,100.4,100.5,101.7
2019-12-01,247826.746,32849.841,31466.667,187409.503,25778.551,1788.851,106.4,123.9,123.2,103.7,108.6,86.0,111.3,84.8,101.9,101.1,100.2,101.3,95.1
2020-01-01,143800.757,33339.53,32884.484000000004,82456.023,26300.824,1704.38,114.0,143.2,144.5,107.2,109.8,83.7,58.7,85.0,103.4,100.3,99.6,99.2,101.0
2020-02-01,155770.66700000002,26563.68,25728.112,101376.952,26217.892,1612.143,116.5,129.4,130.2,111.4,128.5,82.5,64.3,83.8,102.5,101.6,100.9,101.2,101.5
2020-03-01,150829.23,27220.763,26335.322,101149.405,20805.316,1653.746,98.1,111.8,111.9,94.8,97.9,80.5,63.6,75.9,99.3,97.5,100.3,99.6,104.6
2020-04-01,134813.064,28588.644,27794.856,85836.083,18770.386,1617.951,92.3,127.6,128.7,83.8,93.0,76.9,55.4,66.1,99.2,101.3,99.7,99.8,99.0
2020-05-01,150388.615,31981.265,31001.266,100295.194,16487.49,1624.666,96.8,121.1,121.7,90.6,97.6,73.5,62.7,70.2,91.1,101.3,99.6,99.5,98.9
2020-06-01,160349.765,33833.991,32514.823,107204.853,17442.169,1868.752,98.4,118.2,117.9,95.7,86.2,78.6,72.2,72.3,106.5,94.5,99.1,98.7,99.0
2020-07-01,164202.742,29420.404,27648.767,112008.262,20786.86,1987.216,97.7,101.5,99.4,96.3,100.4,93.2,79.0,73.3,100.7,102.7,92.3,100.2,102.4
2020-08-01,182533.022,40046.042,37981.788,118271.557,22153.099,2062.324,98.8,99.6,98.8,99.5,94.1,92.8,83.7,74.7,105.0,101.9,97.6,96.6,99.0
2020-09-01,190323.413,40744.706,38735.073,127761.818,19854.754,1962.135,101.8,112.8,112.2,100.3,94.5,92.9,94.1,76.6,101.6,99.7,100.7,100.9,100.4
2020-10-01,194788.883,35306.357,33562.257,137751.606,19853.32,1877.6,97.0,100.6,100.8,95.8,100.7,94.1,88.5,76.4,97.9,97.1,99.3,99.3,98.0
2020-11-01,204302.878,36114.232,34597.537000000004,143491.035,22897.47,1800.141,93.9,92.3,92.5,93.3,100.5,95.6,80.0,74.3,100.5,105.6,99.8,99.2,102.4
2020-12-01,238183.392,39935.926,38115.216,170320.888,26273.555,1653.023,94.2,100.4,99.2,92.7,97.0,92.1,102.4,77.1,113.9,101.9,102.4,102.8,104.4
2021-01-01,137338.323,39637.467,39186.771,68453.625,27550.636,1696.595,89.2,96.1,96.1,81.7,103.2,99.5,53.7,77.6,101.9,100.7,99.6,99.6,99.3
2021-02-01,157857.46,42023.315,41053.037,90580.612,23622.78,1630.753,94.9,112.0,111.9,86.4,109.8,101.2,60.2,80.0,106.3,103.5,101.2,100.6,105.6
2021-03-01,175215.858,47795.605,46568.524,99084.078,26645.83,1690.345,103.8,119.1,118.6,95.8,123.0,102.1,66.1,79.0,99.2,102.9,100.2,100.0,101.0
2021-04-01,180381.844,50848.527,49496.739,107874.133,19902.328,1756.856,116.9,111.0,109.5,121.9,103.6,108.5,68.3,80.0,99.2,100.5,100.8,101.7,99.5
2021-05-01,189908.074,56644.669,54942.809,112026.367,19427.359,1809.679,107.9,106.6,104.7,107.6,112.1,111.5,69.8,77.9,105.0,101.3,100.0,100.5,98.3
2021-06-01,195818.161,62582.562,60803.738000000005,111923.847,19242.463,2069.289,101.3,102.0,100.8,100.2,106.0,110.5,77.9,78.0,97.9,98.4,100.4,100.3,101.4
2021-07-01,189206.794,48151.818,46310.857,115764.497,22955.602,2334.877,101.7,108.4,109.0,98.8,106.9,115.4,83.7,78.7,95.7,96.5,100.4,101.0,99.1
2021-08-01,189983.65,45437.014,43458.52,121041.828,21299.78,2205.028,94.8,82.0,81.5,98.3,97.8,107.2,85.6,77.2,97.7,103.7,99.8,100.0,98.6
2021-09-01,206536.8,48427.389,46198.127,135518.919,20451.586,2138.906,98.8,80.6,79.3,103.6,104.0,109.2,96.4,79.8,101.4,101.3,99.9,100.9,95.9
2021-10-01,225942.849,49438.578,47332.999,153020.247,21449.962,2034.062,103.9,95.5,94.4,105.2,109.8,108.3,92.2,80.4,97.8,94.7,99.8,100.4,97.1
2021-11-01,256913.955,47280.863,45166.816,182510.673,25310.982,1811.437,115.7,99.2,97.7,120.6,112.5,100.7,91.3,83.2,107.1,101.2,100.3,100.3,101.0
2021-12-01,280805.904,49656.591,48078.501,197986.252,31359.93,1803.131,107.9,95.2,95.8,108.8,120.9,109.0,112.0,83.7,94.8,106.5,99.7,99.5,99.8
2022-01-01,177881.86800000002,52968.632,52237.084,89456.228,33508.123,1948.885,116.7,99.1,98.5,125.2,121.3,108.3,61.7,87.8,102.7,101.4,99.7,99.1,100.9
2022-02-01,186372.002,47465.625,46251.581,104938.191,32043.048,1925.138,103.0,94.4,94.0,109.1,94.2,106.9,65.2,86.1,100.8,97.0,100.1,100.4,99.3
2022-03-01,188582.123,44329.004,42934.002,111493.306,30797.225,1962.588,93.6,70.9,70.0,104.6,92.9,105.7,70.6,84.4,100.0,108.0,100.8,100.2,106.2
2022-04-01,204768.355,52836.675,51126.344000000005,124976.981,24875.902,2078.797,101.8,89.0,88.4,108.9,95.0,107.6,74.3,86.4,100.4,102.8,98.7,101.2,96.0
2022-05-01,204540.582,51276.27,49063.791,129382.679,21834.9,2046.733,102.3,89.0,88.2,110.5,93.5,102.5,78.9,87.8,97.2,96.8,100.2,101.3,96.6
2022-06-01,232756.706,47113.961,44772.293,159302.901,23717.316,2622.528,119.2,97.1,96.5,134.1,105.0,115.7,92.2,92.0,91.1,96.7,99.2,100.9,89.5
2022-07-01,216225.557,35485.075000000004,33418.573000000004,152539.65600000002,25448.98,2751.846,113.7,98.6,98.5,123.1,98.8,106.8,100.0,95.2,103.6,98.6,100.6,101.3,99.7
2022-08-01,235449.238,32874.955,29041.623,173045.066,26865.331,2663.886,123.3,101.2,97.9,133.5,114.0,110.8,101.4,91.6,94.3,98.7,100.9,100.7,105.7
2022-09-01,235692.21,35908.189,31913.255,173869.128,23408.017,2506.876,114.7,104.3,101.7,119.9,106.2,106.5,110.5,92.9,105.4,96.4,100.3,101.1,97.9
2022-10-01,246836.06,37501.579,33563.013,182301.159,24683.909,2349.413,109.7,106.1,103.5,112.0,102.3,105.3,108.3,95.0,100.2,99.1,101.2,101.4,104.5
2022-11-01,254762.163,37385.204,33161.934,187270.306,27970.448,2136.205,97.7,104.1,100.8,96.2,96.4,107.6,103.9,93.8,101.8,98.7,100.5,101.1,99.3
2022-12-01,299687.007,42281.089,38932.283,221573.762,33736.526,2095.63,103.3,109.5,107.0,103.5,92.2,106.2,126.4,94.2,105.1,100.3,100.7,101.7,98.6
2023-01-01,177691.199,40134.497,39162.427,99868.992,35476.182,2211.528,101.4,96.6,96.3,107.3,92.8,107.5,68.0,95.5,115.7,103.1,100.3,100.4,103.2
2023-02-01,184950.472,36099.366,34830.936,114958.622,31727.988,2164.496,100.7,83.6,83.3,106.1,107.8,109.7,71.8,94.6,103.8,99.0,100.6,100.6,102.3
2023-03-01,193904.161,39982.28,37945.422,124847.232,26832.17,2242.4790000000003,108.6,111.1,110.3,110.6,97.6,111.7,80.2,95.7,94.5,95.6,100.0,100.6,98.1
2023-04-01,191282.989,39116.905,37338.602,127233.819,22515.818,2416.447,99.2,93.8,93.5,100.6,102.8,113.3,83.8,96.9,96.4,103.3,100.2,100.4,99.4
2023-05-01,204744.788,34281.174,32224.175,146691.039,21344.975,2427.6,105.3,89.9,89.7,111.5,103.7,115.8,89.3,98.8,104.4,93.2,100.1,100.3,99.3
2023-06-01,214961.372,39009.773,36527.568,151528.729,21800.644,2622.226,92.6,84.4,83.4,94.1,98.1,97.0,97.6,97.9,92.7,99.9,100.1,99.5,103.4
2023-07-01,216727.076,42879.571,40412.564,146773.653,24328.929,2744.923,97.6,102.9,102.1,95.9,100.4,97.4,103.8,99.7,101.2,98.6,99.5,99.1,99.5
2023-08-01,231070.247,43137.642,40406.664,156494.369,28630.306,2807.93,96.3,102.8,107.1,90.6,124.9,101.6,111.9,101.3,90.6,100.3,109.5,99.4,99.7
2023-09-01,227626.993,42569.68,39981.202,159552.478,22813.652,2691.183,95.7,101.3,105.9,92.1,113.1,103.7,117.6,100.4,104.2,97.9,99.7,99.6,99.6
2023-10-01,251975.742,39573.419,36899.879,187357.534,22406.121,2638.668,100.2,93.9,97.2,100.4,106.8,108.7,115.5,101.8,108.6,104.8,101.0,100.4,106.8
2023-11-01,323699.996,31352.225,28786.884,261389.884,28621.435,2336.452,123.8,81.7,84.5,133.4,117.1,105.4,119.0,106.5,95.5,102.5,100.0,100.3,99.3
2023-12-01,364579.745,35061.629,32887.578,293367.36,33781.072,2369.684,122.5,86.2,88.2,131.2,111.9,109.1,141.6,105.2,103.7,106.4,100.4,100.6,100.9
2024-01-01,205500.315,35915.717000000004,34673.649,132072.986,35130.292,2381.32,119.3,89.9,89.1,135.4,108.1,107.0,75.7,105.5,102.0,98.8,99.8,100.2,96.8
2024-02-01,255700.917,34134.598,32468.413,185339.156,33896.378000000004,2330.785,137.3,104.7,103.9,155.8,109.5,107.1,84.2,107.0,100.2,97.5,100.9,100.6,106.7
2024-03-01,262483.725,34752.184,32476.377,192581.238,32751.02,2399.283,130.9,92.5,91.6,145.0,124.7,105.8,92.5,110.8,102.3,102.5,99.8,100.1,96.7
2024-04-01,229590.725,36690.894,34191.781,165989.855,24361.679,2548.297,116.6,85.0,82.4,127.0,113.9,104.8,95.1,108.3,98.2,96.0,100.1,100.6,97.4
2024-05-01,229706.976,37443.634,34551.611,166565.903,23156.888,2540.551,106.9,83.9,80.7,111.5,113.0,104.1,95.8,105.9,98.4,100.0,100.1,99.9,101.3
2024-06-01,224885.533,40938.85,37983.63,158039.002,23173.598,2734.083,101.3,89.3,87.3,103.0,110.9,103.5,105.7,107.2,103.5,100.8,100.3,100.2,102.7
2024-07-01,228288.117,45839.305,42340.778,153446.018,26061.339,2941.455,102.2,94.6,91.7,102.5,112.7,106.9,111.4,107.2,101.1,104.3,99.8,99.8,100.3
2024-08-01,241763.705,44297.707,41053.406,165538.816,28950.418,2976.764,102.1,94.5,92.8,103.8,103.6,105.5,119.0,108.5,98.9,98.1,100.3,100.1,101.8
2024-09-01,245600.821,43442.759,40408.488,174848.307,24442.993,2866.762,104.6,94.4,92.8,106.5,109.4,107.1,127.1,108.5,103.9,100.0,99.4,99.7,94.6
2024-10-01,275461.882,40879.16,37717.406,205239.012,26606.828,2736.882,105.3,89.9,87.8,106.6,121.8,103.9,123.0,108.6,104.3,93.0,101.9,99.6,103.5
2024-11-01,274166.543,35183.845,32229.097,203942.652,32515.093,2524.953,81.0,93.1,91.0,75.6,114.8,107.9,122.6,109.7,93.0,99.1,100.4,100.3,102.9
2024-12-01,325220.93700000003,35216.167,32460.246,249509.592,37974.723,2520.455,85.2,83.8,80.8,82.0,112.8,106.5,148.0,109.5,103.7,99.3,100.3,100.4,101.4
2025-01-01,190546.962,34084.402,32551.162,115793.513,38273.91,2395.137,89.6,90.7,89.4,83.8,109.9,99.8,81.3,113.8,102.7,102.0,100.6,101.1,101.6
2025-02-01,189939.708,24460.967,23107.399,127369.695,35760.981,2348.065,73.4,70.3,69.7,66.7,111.6,100.7,85.3,112.6,103.3,106.0,100.7,101.0,102.3
2025-03-01,219339.971,38454.36,35402.488,146843.124,31571.57,2470.917,83.1,106.7,104.6,74.4,107.9,103.9,95.8,113.8,100.6,97.1,100.2,100.8,97.3
2025-04-01,212429.133,37996.3,35146.172,145399.414,26474.291,2559.128,91.3,104.2,103.5,84.2,119.5,100.3,101.1,114.7,89.2,107.2,100.7,101.1,101.1
2025-05-01,218591.16,42527.47,38771.602,150141.551,23388.91,2533.2290000000003,94.1,117.9,116.8,86.5,109.7,99.5,106.4,117.3,107.5,97.4,100.2,100.7,98.8
2025-06-01,226899.643,44253.892,40761.044,154416.251,25427.869,2801.631,98.8,110.0,109.6,93.8,112.6,102.4,115.6,117.2,100.5,104.9,100.3,100.6,100.3
2025-07-01,244001.726,43217.063,39900.279,164258.494,33563.817,2962.352,104.2,91.6,91.3,103.3,131.5,100.3,121.9,117.6,98.8,95.7,100.1,100.4,99.2
2025-08-01,268813.125,46988.566,43321.686,186684.026,32024.314,3116.219,105.8,100.0,99.0,107.3,106.4,104.4,128.6,118.2,100.7,99.7,94.2,100.5,99.8
2025-09-01,285351.493,48553.95,45452.441,205822.561,27939.334,3035.648,110.1,101.8,101.8,112.1,110.8,105.5,141.2,120.2,98.0,98.4,100.3,100.4,99.8
2025-10-01,353037.185,50204.059,46436.313,271739.775,28244.286,2849.065,117.9,115.9,115.7,120.8,99.8,104.3,136.3,120.9,109.0,97.7,100.3,100.8,99.6
2025-11-01,401247.035,52704.45,48953.006,313071.968,32834.774,2635.843,131.7,136.5,137.3,136.2,100.1,104.7,136.7,122.4,86.5,105.0,100.4,100.6,100.0
2025-12-01,517547.956,51248.27,48288.948,420882.457,42757.551,2659.678,138.6,134.9,137.2,143.3,113.0,105.8,169.3,124.0,98.8,100.2,100.5,101.2,98.5
2026-01-01,229540.588,51629.066,50764.518,129775.862,45628.646,2507.014,110.6,125.2,128.4,104.3,117.0,105.4,87.5,123.0,106.0,107.1,,,
2026-02-01,,,,,,,,,,,,,,,,,,,
2026-03-01,,,,,,,,,,,,,,,,,,,
2026-04-01,,,,,,,,,,,,,,,,,,,
2026-05-01,,,,,,,,,,,,,,,,,,,
2026-06-01,,,,,,,,,,,,,,,,,,,
2026-07-01,,,,,,,,,,,,,,,,,,,
2026-08-01,,,,,,,,,,,,,,,,,,,
2026-09-01,,,,,,,,,,,,,,,,,,,
2026-10-01,,,,,,,,,,,,,,,,,,,
2026-11-01,,,,,,,,,,,,,,,,,,,
2026-12-01,,,,,,,,,,,,,,,,,,,
