date,"Inflow mln, AMD","Inflow thousand, USD","Inflow of which non-commercial mln, AMD","Inflow of which non-commercial thousand, USD","Outflow mln, AMD","Outflow thousand, USD","Outflow of which non-commercial mln, AMD","Outflow of which non-commercial thousand, USD"
2012-09-01,80141.811171,196632.64551,65940.005644,161878.257762,34041.824099,83340.673787,10150.841878,24827.047238
2012-10-01,99263.507002,243972.215864,73120.940781,179781.685833,33001.952396,81180.929021,11687.498904,28738.680699
2012-11-01,85194.010842,209242.730873,66669.314169,163708.312384,29228.934717,71799.162617,12239.166403,30044.461378
2012-12-01,89460.493154,220608.795264,63302.429523,156060.858436,32490.325243,80097.960082,11959.533506,29468.257572
2013-01-01,45689.373492,112331.765783,32857.112071,80757.517178,24302.636575,59716.994366,7821.456997,19215.717218
2013-02-01,61232.972999,150463.637669,41056.030487,100882.36549,27197.658457,66845.66717,9081.119265,22308.991718
2013-03-01,65200.811495,157318.116331,49238.912725,118854.979486,26232.188189,63301.014336,10644.963144,25686.800606
2013-04-01,75743.972513,182054.383162,54667.240291,131437.082125,29438.013977,70747.740632,12087.766605,29057.806424
2013-05-01,73047.293304,175683.002918,58422.827219,140492.106383,29496.782332,70931.887278,10488.482476,25222.539265
2013-06-01,80940.706362,195953.689487,66491.843037,160920.757934,24680.78195,59808.132095,10363.394635,25107.834637
2013-07-01,101566.233676,247370.252391,83658.637191,203757.03551,28751.996795,70033.024052,10802.257069,26311.469839
2013-08-01,92671.095082,227464.522952,80365.43638,197270.339281,28961.525538,71079.929721,11022.089043,27053.254485
2013-09-01,84313.067195,206441.849419,73084.145809,178934.426864,30709.385903,75208.333075,11605.181509,28423.445392
2013-10-01,90591.728485,223042.259243,79218.074258,195042.066533,33303.351935,82006.70372,12119.131422,29838.310979
2013-11-01,82577.657135,203878.618404,68325.986882,168690.836022,33882.548358,83655.344693,11548.802301,28509.429246
2013-12-01,89301.919443,220333.405498,76109.548212,187780.210602,31939.319315,78816.51613,13959.839535,34445.674939
2014-01-01,49886.346038,122505.578865,40546.699856,99576.197813,22089.543461,54231.604835,8540.085773,20962.109393
2014-02-01,57095.121562,138716.465445,43541.743519,105777.324806,28989.355977,70416.53845,12070.120008,29320.098374
2014-03-01,66026.970257,159455.741896,52023.579673,125663.264943,32591.895792,78689.91449,12923.439472,31206.428225
2014-04-01,69354.737631,167410.879949,55226.622036,133305.810596,29774.066822,71871.438348,12569.580316,30339.454201
2014-05-01,72673.757634,175783.638349,59698.699967,144398.373979,26401.187617,63871.450946,10630.200293,25714.658223
2014-06-01,77863.007099,189507.843867,67444.125672,164132.255928,27177.585296,66143.081253,11887.647385,28924.701412
2014-07-01,95347.367897,235168.643155,78891.889888,194744.334302,35638.760569,87561.194449,12289.232772,30189.267348
2014-08-01,92692.150071,226352.57468,76049.861584,185739.426353,34896.362344,85210.606834,12171.865064,29724.837171
2014-09-01,83059.06824,203258.625733,69352.031286,169743.93781,31133.419233,76170.603806,10795.041443,26410.247173
2014-10-01,82334.3761,200865.915432,66245.471534,161625.38361,33519.432475,81732.859339,11538.985896,28146.587637
2014-11-01,59480.440928,141864.284279,48891.356709,116564.09532,28953.695098,69029.947123,11077.431289,26398.474671
2014-12-01,75288.530465,162724.648822,58863.41251,127287.202507,45728.679411,97889.750938,14948.123377,32230.828138
2015-01-01,34290.533173,72169.493278,25778.471103,54267.329713,20998.944264,44146.050655,8294.392907,17446.35008
2015-02-01,41875.684395,87505.064754,32600.853509,68113.186972,28688.658552,59965.159839,12845.067367,26843.696208
2015-03-01,54030.541486,113145.671646,40097.79478,83961.081536,29591.270649,61906.139141,15396.84685,32215.384664
2015-04-01,54443.626112,114735.496014,45518.899276,95910.394822,28019.7699,59089.209992,12710.138211,26801.380829
2015-05-01,63310.742863,131904.668731,51049.57499,106345.047104,28297.246269,58950.784223,10594.179068,22060.990994
2015-06-01,77528.297894,163224.497277,61033.243058,128537.925309,31486.692646,66251.628697,11745.614642,24722.229981
2015-07-01,85695.223158,179652.944419,65418.982093,137172.868849,30971.494205,64913.276094,12682.941846,26579.889671
2015-08-01,76694.375762,159778.638117,54977.388867,114665.611482,27530.005389,57364.910282,13170.092633,27443.782886
2015-09-01,81550.714792,169296.414301,52023.589273,108150.410962,30214.144899,62778.292493,14170.245302,29447.152165
2015-10-01,68390.937226,144660.08283,51594.642938,109122.322669,29635.509916,62691.878205,13761.521567,29109.955267
2015-11-01,61221.919085,127575.337783,47480.727,98924.072834,29682.415366,61815.21508,12778.555063,26612.460603
2015-12-01,81084.323079,168010.998635,53742.647079,111367.219086,48814.737751,101119.343475,15575.982163,32264.224621
2016-01-01,30377.926023,62515.960696,22736.204673,46787.913052,20667.586209,42519.080961,8455.716157,17391.826204
2016-02-01,50748.035474,102770.732498,30690.230474,62190.292026,33703.190767,68232.824764,11575.597347,23460.260538
2016-03-01,52473.705894,107931.616218,37397.118271,76846.133107,33928.28247,69837.470353,12320.022453,25311.026667
2016-04-01,50288.948414,104473.663532,39381.225845,81781.253492,31688.181192,65843.107014,11805.809519,24526.477142
2016-05-01,52382.293801,109514.079739,42595.718136,89050.896397,32309.911892,67555.515046,11736.051164,24536.002599
2016-06-01,64601.293294,135277.198833,51276.040041,107366.073284,25977.439068,54393.198878,11214.802054,23482.663233
2016-07-01,69368.316318,145594.691717,54796.441513,115013.904955,26857.753524,56365.210745,10658.492553,22370.56589
2016-08-01,69564.379109,146293.583564,57945.106175,121853.938258,28584.651788,60115.599973,12586.142171,26469.020182
2016-09-01,69622.317281,146837.718808,51744.063668,109121.998212,38031.73626,80207.527212,11778.783083,24840.933203
2016-10-01,64856.117556,136469.6443,51362.765914,108075.959125,36155.166138,76069.25944,12280.797717,25840.842852
2016-11-01,59142.624681,123631.79194,45905.188364,95959.364091,31960.325062,66817.439338,11698.818739,24453.111208
2016-12-01,102189.733994,211572.20547,56732.127419,117462.744199,52670.050156,109025.467839,15068.88284,31205.644981
2017-01-01,40981.629752,84327.959151,28893.441245,59450.488878,20727.519711,42647.113915,7790.142561,16027.932297
2017-02-01,49216.803136,101145.32209,34637.821484,71184.316733,32281.651496,66352.486825,10471.337132,21521.733828
2017-03-01,61815.943534,127486.505217,42036.359775,86674.951075,36127.780109,74501.914812,13346.885855,27519.189843
2017-04-01,53011.596698,109286.903805,39957.070595,82380.773595,41874.229921,86282.410537,11387.378155,23474.486527
2017-05-01,74886.955206,154924.813823,51390.591036,106291.766779,38286.255595,79194.943774,12849.243658,26577.766776
2017-06-01,71053.562917,147588.657025,54834.932822,113908.630824,38454.353734,79861.31315,13363.376195,27756.664055
2017-07-01,83891.255559,175122.287948,62896.010467,131290.546967,37279.478299,77811.143189,11430.034613,23859.643226
2017-08-01,83534.498039,174508.72466,64570.195488,134882.561477,36115.052114,75453.863373,12559.18005,26239.020048
2017-09-01,76696.261113,160351.293101,58047.613062,121371.871469,42839.653083,89580.849376,12140.651747,25386.878239
2017-10-01,78344.922907,162978.586127,60315.731919,125485.006759,51684.591664,107510.127807,12793.806601,26629.630049
2017-11-01,79505.330456,163807.598437,53869.545593,110976.095529,46188.051874,95191.355366,12819.892721,26410.092724
2017-12-01,94198.390998,194956.736212,63732.684196,131903.392581,55807.536015,115413.78243,14608.558847,30236.873408
2018-01-01,45678.253087,94671.745402,32677.37109,67727.838278,35849.762119,74346.944644,9360.134355,19407.316813
2018-02-01,60913.425226,126527.276544,38930.103586,80879.769734,47753.381404,99177.794208,10696.734432,22222.167343
2018-03-01,65859.050199,137101.476084,44651.365241,92953.389167,47986.308953,99890.207212,12528.749293,26080.922879
2018-04-01,60296.756646,125400.031501,39662.029496,82435.516093,45113.026529,93726.988941,11293.152332,23467.171378
2018-05-01,67602.012668,139672.542073,50597.090897,104527.365507,44698.787141,92357.866979,11891.954177,24563.345273
2018-06-01,79236.40595,164200.465308,60061.308373,124460.619062,36690.220866,76018.054276,11216.21176,23242.515811
2018-07-01,86382.514207,179414.731266,63917.502411,132733.34917,47427.352406,98501.193058,11798.894986,24505.820797
2018-08-01,77631.94173,160459.892563,60522.395833,124994.869012,46589.403828,96580.535934,12818.173911,26576.37421
2018-09-01,73394.982446,151681.640304,52079.165674,107643.854224,47864.615562,98958.857928,11310.276522,23379.147287
2018-10-01,85572.896157,176452.635788,57858.252772,119314.148925,58824.674714,121316.245038,12699.788547,26189.705765
2018-11-01,75677.799659,155629.962031,51862.822415,106645.002451,55502.289021,114136.128543,12313.629225,25327.822053
2018-12-01,84148.054791,173663.656881,56108.628344,115802.398461,59708.584161,123219.698161,12659.344031,26120.574632
2019-01-01,57853.087925,119094.123371,32605.587959,67110.508673,49263.62428,101393.973161,8592.995011,17685.346558
2019-02-01,68489.650911,140235.318693,37504.593718,76794.356049,45499.682877,93143.841172,11711.885278,23978.444934
2019-03-01,64417.042466,132136.217253,42365.531754,86881.166026,44889.629587,92083.150315,12080.652739,24776.554141
2019-04-01,69887.408479,144321.78794,47382.123218,97866.261131,53408.353043,110313.83324,12990.97671,26832.170927
2019-05-01,81150.718279,168850.605575,49989.231175,104031.501271,54332.993912,113060.070669,12972.282112,26996.142693
2019-06-01,77490.405171,161948.142286,53151.998931,111064.852252,60470.818749,126400.480811,11913.405444,24895.339861
2019-07-01,89898.874577,188669.844646,64559.223815,135482.109683,68886.795361,144569.798953,13482.186047,28294.10913
2019-08-01,86037.885548,180781.665929,61895.210817,130060.795005,74681.257559,156898.309635,15375.577598,32304.866166
2019-09-01,78881.20355,165626.360815,55976.724174,117529.607472,61614.929982,129381.663136,12718.908891,26706.221431
2019-10-01,86402.407839,181393.578851,57736.29807,121208.347759,53496.686577,112311.95466,13275.861883,27871.772423
2019-11-01,75996.027914,159291.730775,51159.028402,107234.420548,59448.353642,124631.009998,12278.241686,25736.687995
2019-12-01,103437.870736,216223.343374,60521.179566,126504.306143,71913.356315,150364.096667,14174.965593,29633.205471
2020-01-01,53957.558745,112607.836852,32506.227725,67845.0127,33465.44229,69845.196188,9074.246422,18938.025022
2020-02-01,58931.71793,123115.157366,36583.917553,76431.757166,50414.475715,105315.213121,10572.784398,22089.567206
2020-03-01,57464.975697,117840.099385,34754.659307,71319.897394,44480.618289,91024.428379,12591.887038,25819.530731
2020-04-01,44229.078703,90599.895795,26576.614319,54539.392013,31703.689346,65065.534314,7767.626627,15931.896076
2020-05-01,49392.952629,102016.449767,35096.274767,72491.60464,31926.419162,65926.639013,8830.280387,18234.952853
2020-06-01,81522.244708,169410.876876,55418.182089,115149.084243,60466.366441,125638.915706,11845.234088,24607.789538
2020-07-01,86125.139323,177699.177258,62452.598984,128871.445261,48234.784399,99564.814512,11561.818621,23859.261709
2020-08-01,94502.718871,194672.217396,62000.75351,127710.941412,49177.545755,101304.970322,11761.423103,24226.8744
2020-09-01,92689.470985,190509.471721,67030.072046,137758.790923,60917.680288,125142.637293,12342.268292,25370.477078
2020-10-01,103931.729612,211468.623753,66509.060938,135308.205167,57703.989654,117433.384942,12859.171224,26158.706947
2020-11-01,76239.834766,152665.348296,59257.455867,118648.880765,83901.828958,167680.558679,11045.646359,22109.131138
2020-12-01,103422.044054,199073.545739,75464.965959,145278.564227,69173.360961,133397.831943,13464.986668,25942.962432
2021-01-01,59649.358304,114446.690813,41973.979851,80533.883897,42797.791875,82138.051223,9349.909819,17946.805492
2021-02-01,68963.51533,131704.941164,49225.626089,93997.635072,52693.857416,100789.146182,12929.505895,24696.591066
2021-03-01,84115.387981,159442.993975,60986.729334,115608.417781,49359.092252,93583.265033,15128.171197,28677.819867
2021-04-01,88239.303312,167914.406729,61201.353793,116465.68538,49282.006575,93808.805186,14696.700318,27956.412686
2021-05-01,91151.986858,174854.35669,65284.353588,125225.165522,50348.276835,96583.185535,12388.449337,23762.065119
2021-06-01,102370.717507,199803.42012,73710.602815,143702.204277,50500.945311,98382.197693,13007.265859,25352.780804
2021-07-01,97386.202895,198342.973457,69396.744504,141206.169248,47915.870126,97633.798234,12289.073347,25024.290393
2021-08-01,95185.564853,193597.114751,66316.370749,134874.663378,49597.51499,100860.057256,12443.641146,25310.434271
2021-09-01,96030.079576,196699.226593,65282.938604,133738.305667,50173.001392,102815.979798,12923.87228,26478.24954
2021-10-01,88886.823721,185435.716203,60275.122788,125716.516714,54022.064465,112659.184542,12817.481075,26696.747397
2021-11-01,84217.563546,176270.096673,57050.45506,119443.066085,54079.267733,113230.827549,13568.650587,28414.832582
2021-12-01,102035.462073,210424.407223,66250.42352,136717.344303,64609.741051,133137.303347,15441.848612,31855.567492
2022-01-01,61637.884914,127895.185397,36616.251772,75978.264491,42146.924572,87438.321565,9610.429333,19938.823024
2022-02-01,86550.181903,180121.32366,41164.730336,85772.666803,59522.240571,124018.977967,11236.966943,23419.094943
2022-03-01,125434.892988,252638.350513,46009.137565,92607.078967,78956.589224,158904.137935,24363.227999,48955.129696
2022-04-01,140965.482922,299462.564431,64826.994064,137947.004477,62457.867687,132873.540924,12840.290907,27257.122661
2022-05-01,188151.938579,412115.779699,94781.943084,207400.029655,65386.152035,143018.031048,13158.834028,28775.348327
2022-06-01,250694.159725,593923.560575,109708.76901,259969.031844,95371.319972,226047.628208,15286.692178,36212.143632
2022-07-01,232992.748888,567721.022813,90382.446098,219998.101131,177559.419102,432325.198787,14901.781476,36279.98865
2022-08-01,191668.029236,472282.563523,79583.361986,196097.006952,73484.772277,181090.186547,17836.487193,43953.476386
2022-09-01,226175.969073,551552.368714,79638.259914,194300.131997,99519.344741,242527.935965,16457.223301,40208.768249
2022-10-01,248985.197317,618050.776086,72450.554786,179841.366118,117286.814887,291127.491721,14048.299032,34892.114683
2022-11-01,205558.993221,519853.406539,68472.895144,173135.412864,116471.125568,294532.051465,13586.222633,34357.431082
2022-12-01,233095.414776,590931.746103,69020.251849,174993.155129,114038.086921,289069.261991,16673.473671,42265.833272
2023-01-01,152884.446613,386084.915364,41031.110726,103634.640687,85455.194763,215892.911334,11903.167314,30075.915146
2023-02-01,280712.512698,713945.783135,43283.950143,110018.566033,150740.179528,381820.230461,11654.413467,29617.636712
2023-03-01,187387.791562,482433.023014,48918.889781,125971.533281,167648.420876,431561.420612,15024.856049,38682.616507
2023-04-01,179414.041034,462615.477827,42394.555394,109317.511831,114811.817399,296060.100384,15269.769725,39390.747364
2023-05-01,168332.82633,435420.253418,50618.991174,130944.072985,149922.282793,387866.012607,15579.459762,40300.392085
2023-06-01,171898.675458,444586.413568,49496.789923,128040.464788,121508.052832,314201.394702,14258.196876,36876.984943
2023-07-01,145895.194878,377303.169659,45115.692255,116738.092564,94298.100918,243954.779012,13174.773054,34084.333606
2023-08-01,199816.678183,517483.047362,41684.714177,107943.158912,121690.420324,315103.535597,14886.49816,38547.797492
2023-09-01,172021.492147,444429.023202,36358.989422,93947.36658,134408.747288,347456.404138,14548.354375,37595.63881
2023-10-01,219225.28039,543264.718322,40110.954097,99086.82854,168690.566934,417880.680325,16391.28928,40551.690483
2023-11-01,165734.731955,411689.963853,35301.846336,87686.725086,149777.673279,372065.216747,14684.173285,36477.567448
2023-12-01,192618.424881,476270.834259,41375.51041,102275.348464,128211.424698,316951.266084,13425.83905,33193.971092
2024-01-01,146066.549918,360737.624471,28312.444107,69915.076931,132770.556502,327915.0229,16377.52332,40455.290339
2024-02-01,165928.485976,410499.661407,30396.258239,75179.565597,117021.390891,289457.295766,15200.133581,37600.113315
2024-03-01,177695.028418,443514.348951,32233.918434,80391.574499,127650.198989,318819.695726,15346.755786,38293.948677
2024-04-01,178785.16422,457671.310905,31784.055754,81403.826287,159714.797111,408710.200512,13846.014691,35397.289833
2024-05-01,161292.496236,415992.959057,33376.730905,86064.733583,114083.359133,294146.670001,13792.270652,35563.077101
2024-06-01,169399.621442,436468.477559,31565.447213,81336.588393,112695.386269,290427.302378,12429.793779,32025.226928
2024-07-01,188536.005225,485873.201292,34854.889922,89819.20952,125180.084042,322592.590274,15053.994816,38791.752604
2024-08-01,214015.75341,551304.87364,35408.976802,91238.704371,201535.325297,519249.740627,13497.129917,34776.139737
2024-09-01,155664.35366,401828.873917,33887.281895,87484.945488,117997.758829,304592.622924,12262.101743,31655.210799
2024-10-01,215625.407471,556840.398778,32947.734867,85081.531557,153642.090044,396823.432414,14827.910615,38292.746083
2024-11-01,177881.459083,456136.317102,31069.27281,79909.812734,147719.806739,379714.051037,15510.015486,39825.170037
2024-12-01,341253.545482,860227.986148,41855.753166,105623.492181,188355.681743,475273.311178,14791.908532,37317.061095
2025-01-01,150242.3165278,377512.35958342,27125.190059972,68175.300027987,142809.36994539,358802.61107764,13359.88668428,33579.693084828
2025-02-01,185286.2731212,467800.76062669,30215.191747767,76354.44261776,157850.02484472,398978.70270405,12551.152492562,31722.299478001
2025-03-01,167522.80104823,426477.8201941,33662.497529387,85705.497485039,145556.44408404,370321.45631586,13226.717327487,33673.169272966
2025-04-01,195435.14595691,500211.5520979,38738.235866239,99130.185516637,144730.6104454,370493.7756821,14825.55867058,37955.325446794
2025-05-01,206022.25168503,532876.5798485,35840.747424743,92642.783396529,113837.90787004,294560.41164262,12477.942562754,32272.403447746
2025-06-01,173448.65480123,451308.90369256,37903.618391831,98651.680817406,144266.90900059,375413.97828234,14895.244192575,38768.364612512
2025-07-01,204785.85384769,533211.29727433,45198.370475422,117689.90923218,155237.87371296,404209.38124104,17306.507231792,45063.751576467
2025-08-01,174600.23157591,455579.570336,42831.370896109,111745.37407666,108396.6072636,282873.32407775,14897.779590131,38875.882043276
2025-09-01,194255.48661118,507440.58770677,39825.453297975,104022.06566138,142144.41629952,371323.60089604,14992.182782052,39160.921063628
2025-10-01,194917.72941307,509304.79665742,39403.91589711,102939.24745128,148190.25494443,387188.59798183,15902.243827797,41548.594821199
2025-11-01,190367.89694637,498462.91852522,33992.993972024,88964.5571912,123010.419533,321550.38144671,14310.168165096,37332.800321432
2025-12-01,274630.20905478,719693.80442081,46118.625071693,120885.95347022,154377.17858765,404635.91750639,16362.424568487,42891.791742965
2026-01-01,189710.30876408,499403.06940088,30341.184366822,79853.009303827,125399.36103447,330290.50547077,11445.976553475,30128.711011151
2026-02-01,171481.85652621,454118.98376564,32726.446135146,86704.387557362,120913.22691824,320238.23529399,15005.565873326,39735.6082547
