date,Cash_in_Circulation_Mln_AMD,Demand_Deposits_Dram_Mln_AMD,Money_Supply_M1_Mln_AMD,Time_Deposits_Dram_Mln_AMD,Money_Supply_M2_Mln_AMD,Deposits_FX_Mln_AMD,Money_Supply_M2X_Mln_AMD,Remittance_Inflow_Mln_AMD,Remittance_Inflow_Thousand_USD,Remittance_Inflow_NonCommercial_Mln_AMD,Remittance_Inflow_NonCommercial_Thousand_USD,Remittance_Outflow_Mln_AMD,Remittance_Outflow_Thousand_USD,Remittance_Outflow_NonCommercial_Mln_AMD,Remittance_Outflow_NonCommercial_Thousand_USD,Remittance_Net_Mln_AMD,Remittance_Net_Thousand_USD
2003-01-01,74980.4,21954.3,96934.7,10695.0,107629.7,77572.3,185202.0,,,,,,,,,,
2003-02-01,75523.0,22351.0,97874.0,9978.0,107852.0,77582.0,185434.0,,,,,,,,,,
2003-03-01,74801.0,20608.3,95409.3,11158.0,106567.3,76774.3,183341.6,,,,,,,,,,
2003-04-01,73890.0,23499.3,97389.3,11239.0,108628.3,81543.3,190171.6,,,,,,,,,,
2003-05-01,76892.0,25103.3,101995.3,13824.0,115819.3,79924.3,195743.6,,,,,,,,,,
2003-06-01,76479.3,23734.2,100213.5,13840.0,114053.5,80789.0,194842.5,,,,,,,,,,
2003-07-01,83187.0,23758.0,106945.0,12464.0,119409.0,83578.4,202987.4,,,,,,,,,,
2003-08-01,84965.0,23311.0,108276.0,13009.0,121285.0,86825.0,208110.0,,,,,,,,,,
2003-09-01,81184.0,27884.0,109068.0,13294.0,122362.0,89691.0,212053.0,,,,,,,,,,
2003-10-01,81670.0,27327.0,108997.0,12209.0,121206.0,89018.0,210224.0,,,,,,,,,,
2003-11-01,80639.0,26865.0,107504.0,12354.0,119858.0,91300.0,211158.0,,,,,,,,,,
2003-12-01,91997.0,31275.0,123272.0,10138.0,133410.0,100408.0,233818.0,,,,,,,,,,
2004-01-01,79128.0,27057.0,106185.0,13936.0,120121.0,100846.0,220967.0,,,,,,,,,,
2004-02-01,79685.4,26791.0,106476.4,12629.3,119105.7,102820.4,221926.1,,,,,,,,,,
2004-03-01,79535.0,26812.0,106347.0,13459.0,119806.0,106808.0,226614.0,,,,,,,,,,
2004-04-01,79166.0,28561.0,107727.0,12963.2,120690.2,105400.4,226090.6,,,,,,,,,,
2004-05-01,78757.0,29147.0,107904.0,14406.0,122310.0,105883.0,228193.0,,,,,,,,,,
2004-06-01,82252.695271,28854.964073,111107.659344,12252.768,123360.427344,109341.398182,232701.825526,,,,,,,,,,
2004-07-01,85967.713839,29079.940142,115047.653981,9651.754,124699.407981,118393.943266,243093.351247,,,,,,,,,,
2004-08-01,86831.247743,27778.335589,114609.583332,8784.675,123394.258332,123605.702416,246999.960748,,,,,,,,,,
2004-09-01,86345.254607,30996.881652,117342.136259,8792.173,126134.309259,127228.911118,253363.220376,,,,,,,,,,
2004-10-01,87637.743882,32235.247831,119872.991713,9340.831,129213.822713,128376.160981,257589.983694,,,,,,,,,,
2004-11-01,86275.463426,37285.062924,123560.52635,9899.638,133460.16435,131457.61905,264917.7834,,,,,,,,,,
2004-12-01,98568.700709,33844.825743,132413.526451,13304.372,145717.898451,140225.550798,285943.44925,,,,,,,,,,
2005-01-01,82130.918478,32778.308702,114909.22718,15588.036,130497.26318,139331.062532,269828.325712,,,,,,,,,,
2005-02-01,85019.461308,36136.134275,121155.595583,14082.741,135238.336583,133162.932987,268401.26957,,,,,,,,,,
2005-03-01,91414.72208,37263.171325,128677.893404,16802.249,145480.142404,133315.671706,278795.81411,,,,,,,,,,
2005-04-01,98540.866121,38781.40398,137322.2701,17864.421,155186.6911,128087.894295,283274.585395,,,,,,,,,,
2005-05-01,102026.554095,40609.538033,142636.092128,18127.476,160763.568128,129635.919523,290399.487651,,,,,,,,,,
2005-06-01,105294.344098,41808.536751,147102.880849,17374.587,164477.467849,138818.522533,303295.990382,,,,,,,,,,
2005-07-01,116563.0,48026.0,164589.0,17597.0,182186.0,144499.0,326685.0,,,,,,,,,,
2005-08-01,123825.360677,45661.710801,169487.071478,17822.218,187309.289478,158656.831837,345966.121315,,,,,,,,,,
2005-09-01,122942.0,48092.0,171034.0,18818.0,189852.0,142591.0,332443.0,,,,,,,,,,
2005-10-01,128047.537318,49831.519684,177879.057002,19970.727,197849.784002,140174.164013,338023.948015,,,,,,,,,,
2005-11-01,130027.898415,50391.445538,180419.343953,21759.37,202178.713953,134938.351985,337117.065938,,,,,,,,,,
2005-12-01,144311.033174,57749.868492,202060.901666,22740.99,224801.891666,140756.881682,365558.773348,,,,,,,,,,
2006-01-01,130757.76816,53935.223134,184692.991294,22496.251,207189.242294,147458.747761,354647.990055,,,,,,,,,,
2006-02-01,131038.934655,54401.708279,185440.642933,23367.888,208808.530933,143900.419058,352708.949991,,,,,,,,,,
2006-03-01,130267.752455,56500.102464,186767.854919,24142.099,210909.953919,147559.747835,358469.701754,,,,,,,,,,
2006-04-01,132578.832079,56208.385589,188787.217668,23908.7714,212695.989068,145117.0734,357813.062468,,,,,,,,,,
2006-05-01,135356.222799,57329.880762,192686.10356,23283.619,215969.722561,142636.450115,358606.172675,,,,,,,,,,
2006-06-01,144270.357731,61770.409529,206040.76726,23424.969,229465.73626,141293.713488,370759.449748,,,,,,,,,,
2006-07-01,153647.068326,63734.132537,217381.200864,24121.561,241502.761864,139189.010383,380691.772247,,,,,,,,,,
2006-08-01,162132.490034,64760.494029,226892.984063,26000.168,252893.152063,143968.769701,396861.921764,,,,,,,,,,
2006-09-01,172715.829593,74702.330211,247418.159804,29457.511,276875.670804,128519.611509,405395.282313,,,,,,,,,,
2006-10-01,178823.593754,74377.236137,253200.829891,32148.275,285349.104891,124657.84976,410006.954651,,,,,,,,,,
2006-11-01,183726.839282,83283.471471,267010.310753,33934.115,300944.425753,156027.747062,456972.172815,,,,,,,,,,
2006-12-01,211469.02867,83858.496132,295327.524802,46998.418,342325.942802,143410.949958,485736.89276,,,,,,,,,,
2007-01-01,193160.622008,82119.467505,275280.089513,52515.355,327795.444513,132179.394819,459974.839332,,,,,,,,,,
2007-02-01,197259.969894,91925.447695,289185.417588,49826.043,339011.460588,130633.536721,469644.997309,,,,,,,,,,
2007-03-01,201673.657021,94002.541275,295676.198297,51429.592,347105.790297,135822.442337,482928.232634,,,,,,,,,,
2007-04-01,214137.010568,88316.295023,302453.305591,52258.409,354711.714591,140134.805392,494846.519983,,,,,,,,,,
2007-05-01,216513.758637,88335.560068,304849.318706,54387.664,359236.982706,134700.954019,493937.936725,,,,,,,,,,
2007-06-01,227009.824227,91924.690785,318934.515012,66481.181,385415.696012,137620.074764,523035.770777,,,,,,,,,,
2007-07-01,248882.076075,99585.601808,348467.677882,74238.937,422706.614882,131572.130898,554278.74578,,,,,,,,,,
2007-08-01,260228.957781,99665.258354,359894.216135,78412.001,438306.217135,132168.702727,570474.919862,,,,,,,,,,
2007-09-01,260267.959005,110668.540978,370936.499983,75626.374,446562.873983,135327.699463,581890.573447,,,,,,,,,,
2007-10-01,273820.135297,116566.327643,390386.46294,77243.463,467629.92594,132526.307361,600156.233302,,,,,,,,,,
2007-11-01,304718.465711,121936.071202,426654.536913,96553.096,523207.632913,128425.901354,651633.534266,,,,,,,,,,
2007-12-01,325848.53609,131303.768902,457152.304992,104639.595,561791.899992,130142.882526,691934.782518,,,,,,,,,,
2008-01-01,306085.409653,123636.912609,429722.322262,108270.717945,537993.040207,126397.543804,664390.584011,,,,,,,,,,
2008-02-01,311376.607478,126175.942368,437552.549846,110001.648,547554.197846,127531.868332,675086.066179,,,,,,,,,,
2008-03-01,302377.994976,118281.700525,420659.695501,119281.145603,539940.841104,140331.176189,680272.017293,,,,,,,,,,
2008-04-01,306719.639118,119598.342509,426317.981627,119950.434507,546268.416134,146649.468718,692917.884852,,,,,,,,,,
2008-05-01,309883.337328,115948.888434,425832.225761,132304.318466,558136.544227,139528.812645,697665.356872,,,,,,,,,,
2008-06-01,320377.846044,112783.997491,433161.843535,134684.586769,567846.430304,143257.798807,711104.22911,,,,,,,,,,
2008-07-01,333922.420013,113484.10835,447406.528363,140327.462195,587733.990559,152610.147871,740344.13843,,,,,,,,,,
2008-08-01,339814.456299,118742.848878,458557.305177,140076.189108,598633.494285,154778.296226,753411.790511,,,,,,,,,,
2008-09-01,334007.062496,128040.831096,462047.893591,144248.428037,606296.321628,147262.525458,753558.847087,,,,,,,,,,
2008-10-01,335056.348523,118683.639265,453739.987788,144321.861083,598061.848871,156690.797106,754752.645976,,,,,,,,,,
2008-11-01,322097.603146,107991.665387,430089.268533,145286.156,575375.424533,145954.962107,721330.38664,,,,,,,,,,
2008-12-01,315948.692538,99692.234822,415640.92736,122317.226,537958.15336,169829.641217,707787.794577,,,,,,,,,,
2009-01-01,275237.228022,89958.315213,365195.543236,108921.619864,474117.163099,186891.148426,661008.311525,,,,,,,,,,
2009-02-01,229423.236092,81094.765647,310518.001738,76329.696522,386847.69826,241883.588313,628731.286572,,,,,,,,,,
2009-03-01,212197.223194,87099.724385,299296.947579,58512.402708,357809.350287,280089.771308,637899.121595,,,,,,,,,,
2009-04-01,217476.158536,77325.246883,294801.405419,66648.438481,361449.8439,281151.673662,642601.517562,,,,,,,,,,
2009-05-01,226683.632836,82172.859814,308856.49265,60593.194067,369449.686717,285470.023478,654919.710195,,,,,,,,,,
2009-06-01,236203.101338,86999.571037,323202.672375,56210.613364,379413.285739,283312.300779,662725.586519,,,,,,,,,,
2009-07-01,254582.531821,101918.00024,356500.532061,63017.034102,419517.566163,303181.983173,722699.549336,,,,,,,,,,
2009-08-01,262199.565099,96212.421027,358411.986125,64852.756785,423264.74291,317130.657342,740395.400252,,,,,,,,,,
2009-09-01,254213.033429,102663.401878,356876.435307,64461.099,421337.534307,322355.096182,743692.630488,,,,,,,,,,
2009-10-01,265279.468882,103899.983006,369179.451888,62519.611,431699.062888,331370.102598,763069.165486,,,,,,,,,,
2009-11-01,266309.165512,104531.178198,370840.34371,62799.738808,433640.082518,342002.429802,775642.51232,,,,,,,,,,
2009-12-01,282440.945113,104354.479286,386795.424398,64082.196288,450877.620686,364112.595864,814990.21655,,,,,,,,,,
2010-01-01,252619.142656,97377.747553,349996.890209,62706.628273,412703.518482,367121.699083,779825.217566,,,,,,,,,,
2010-02-01,254158.086924,103782.059483,357940.146407,60324.779493,418264.9259,380791.884452,799056.810352,,,,,,,,,,
2010-03-01,247352.88379,92920.772283,340273.656073,60627.515137,400901.17121,411372.510943,812273.682153,,,,,,,,,,
2010-04-01,252525.102954,94301.685817,346826.788771,62265.552123,409092.340894,387183.021688,796275.362582,,,,,,,,,,
2010-05-01,255044.23067,99669.975362,354714.206032,61501.02711,416215.233141,363889.553599,780104.78674,,,,,,,,,,
2010-06-01,265110.029169,101431.789788,366541.818957,63548.038096,430089.857053,356546.138164,786635.995217,,,,,,,,,,
2010-07-01,275143.05673,105104.175022,380247.231753,65132.129082,445379.360835,362021.056726,807400.417561,,,,,,,,,,
2010-08-01,273440.359839,104699.876914,378140.236753,68459.076232,446599.312984,356968.616695,803567.929679,,,,,,,,,,
2010-09-01,271998.657257,112684.42336,384683.080617,73062.907931,457745.988548,352470.62915,810216.617699,,,,,,,,,,
2010-10-01,279635.369042,112757.534504,392392.903546,77703.354918,470096.258464,354648.955532,824745.213996,,,,,,,,,,
2010-11-01,279749.064374,119544.005707,399293.070081,81243.458,480536.528081,358733.139094,839269.667175,,,,,,,,,,
2010-12-01,304324.216563,128365.228129,432689.444692,88943.511206,521632.955897,389753.07783,911386.033728,,,,,,,,,,
2011-01-01,275472.42199,112971.935594,388444.357584,93351.660904,481796.018489,394639.062513,876435.081002,,,,,,,,,,
2011-02-01,276563.468308,117936.474777,394499.943084,100647.128863,495147.071947,399295.283046,894442.354993,,,,,,,,,,
2011-03-01,278219.425598,126770.956087,404990.381685,103198.088349,508188.470034,417670.703123,925859.173157,,,,,,,,,,
2011-04-01,285285.946711,114356.351082,399642.297793,107184.656048,506826.953841,416525.948323,923352.902164,,,,,,,,,,
2011-05-01,293993.893324,124315.132602,418309.025926,108083.568274,526392.5942,422169.04719,948561.641391,,,,,,,,,,
2011-06-01,301854.946963,135612.082789,437467.029753,110781.343644,548248.373397,426000.745693,974249.11909,,,,,,,,,,
2011-07-01,317818.652692,145660.983852,463479.636544,119884.571165,583364.207709,427974.165155,1011338.372864,,,,,,,,,,
2011-08-01,320792.51414,140498.043156,461290.557295,123500.342288,584790.899583,432063.660134,1016854.559717,,,,,,,,,,
2011-09-01,320182.039076,147706.879642,467888.918718,124013.826425,591902.745143,428619.937606,1020522.682749,,,,,,,,,,
2011-10-01,327143.318165,148539.29314,475682.611306,128374.541712,604057.153018,439330.892661,1043388.045679,,,,,,,,,,
2011-11-01,327976.916626,151839.643132,479816.559758,134356.785986,614173.345744,457005.319743,1071178.665488,,,,,,,,,,
2011-12-01,349407.246197,164384.977682,513792.223879,145644.399808,659436.623687,467541.573932,1126978.197619,,,,,,,,,,
2012-01-01,318965.068873,154751.28714993,473716.35602293,145846.28576286,619562.64178579,477678.76060225,1097241.402388,,,,,,,,,,
2012-02-01,319511.1479959,154704.61339418,474215.76139008,157250.46640982,631466.2277999,482180.615879,1113646.8436789,,,,,,,,,,
2012-03-01,321269.7565061,156681.57581065,477951.33231675,171903.24030929,649854.57262604,484507.42374275,1134361.9963688,,,,,,,,,,
2012-04-01,337153.4380492,154533.07075752,491686.50880672,174400.68708332,666087.19589004,493694.18592977,1159781.3818198,,,,,,,,,,
2012-05-01,335804.1114066,150316.2924802,486120.4038868,174080.76583116,660201.16971796,514705.12497574,1174906.2946937,,,,,,,,,,
2012-06-01,338896.8753272,143646.14623525,482543.02156245,172275.96221976,654818.98378221,540709.36104291,1195528.3448251,,,,,,,,,,
2012-07-01,352815.0217101,153093.27443907,505908.29614917,170018.0969578,675926.39310697,538787.56222802,1214713.955335,,,,,,,,,,
2012-08-01,354960.2920411,149587.95135425,504548.24339535,172448.47252107,676996.71591642,564213.14985087,1241209.8657673,,,,,,,,,,
2012-09-01,355440.9047522,160337.58840846,515778.49316066,173326.45952076,689104.95268142,578184.09506277,1267289.0477442,80141.811171,196632.64551,65940.005644,161878.257762,34041.824099,83340.673787,10150.841878,24827.047238,46099.987071999996,113291.971723
2012-10-01,360650.5422801,162578.78985709,523229.33213719,178092.28284089,701321.61497808,577825.1847296,1279146.7997077,99263.507002,243972.215864,73120.940781,179781.685833,33001.952396,81180.929021,11687.498904,28738.680699,66261.55460599999,162791.28684299998
2012-11-01,360772.0458329,162690.07215596,523462.11798886,187040.37468069,710502.49266955,588276.47664351,1298778.9693131,85194.010842,209242.730873,66669.314169,163708.312384,29228.934717,71799.162617,12239.166403,30044.461378,55965.07612500001,137443.568256
2012-12-01,384065.3294649,161727.3162686,545792.6457335,192189.90780908,737982.55354258,608382.35716025,1346364.9107028,89460.493154,220608.795264,63302.429523,156060.858436,32490.325243,80097.960082,11959.533506,29468.257572,56970.167911,140510.83518199998
2013-01-01,351780.8880345,156998.17018077,508779.05821527,200378.49419402,709157.55240929,610987.18058304,1320144.7329923,45689.373492,112331.765783,32857.112071,80757.517178,24302.636575,59716.994366,7821.456997,19215.717218,21386.736917,52614.771416999996
2013-02-01,342221.9325534,168717.74352351,510939.67607691,202541.82027605,713481.49635296,633430.72526123,1346912.2216142,61232.972999,150463.637669,41056.030487,100882.36549,27197.658457,66845.66717,9081.119265,22308.991718,34035.31454199999,83617.97049899999
2013-03-01,344019.7249558,158137.03449372,502156.75944952,211288.63805766,713445.39750718,650421.26236628,1363866.6598735,65200.811495,157318.116331,49238.912725,118854.979486,26232.188189,63301.014336,10644.963144,25686.800606,38968.623306,94017.101995
2013-04-01,346048.2545803,166211.77196549,512260.02654579,215607.75862702,727867.78517281,640145.48788212,1368013.2730549,75743.972513,182054.383162,54667.240291,131437.082125,29438.013977,70747.740632,12087.766605,29057.806424,46305.958536000006,111306.64253000001
2013-05-01,353291.330401,159823.86480722,513115.19520822,214635.35291106,727750.54811928,656505.94529409,1384256.4934134,73047.293304,175683.002918,58422.827219,140492.106383,29496.782332,70931.887278,10488.482476,25222.539265,43550.510972000004,104751.11564000002
2013-06-01,351789.2555427,162354.12635284,514143.38189554,217084.66364045,731228.04553599,651889.81950944,1383117.8650454,80940.706362,195953.689487,66491.843037,160920.757934,24680.78195,59808.132095,10363.394635,25107.834637,56259.92441199999,136145.557392
2013-07-01,365148.4136348,164740.1070002,529888.520635,219026.55349556,748915.07413056,663297.95963358,1412213.0337641,101566.233676,247370.252391,83658.637191,203757.03551,28751.996795,70033.024052,10802.257069,26311.469839,72814.236881,177337.228339
2013-08-01,359178.1183603,166306.35381251,525484.47217281,220948.49061794,746432.96279075,679249.98765831,1425682.9504491,92671.095082,227464.522952,80365.43638,197270.339281,28961.525538,71079.929721,11022.089043,27053.254485,63709.569544,156384.593231
2013-09-01,355298.4211408,180856.623822,536155.0449628,224084.06946506,760239.11442786,697684.03933975,1457923.1537676,84313.067195,206441.849419,73084.145809,178934.426864,30709.385903,75208.333075,11605.181509,28423.445392,53603.681291999994,131233.516344
2013-10-01,359366.1392272,183319.80575731,542685.94498451,231080.46443491,773766.40941942,693039.23744238,1466805.6468618,90591.728485,223042.259243,79218.074258,195042.066533,33303.351935,82006.70372,12119.131422,29838.310979,57288.37655,141035.55552300002
2013-11-01,352278.790848,188504.38499641,540783.17584441,241449.50388692,782232.67973133,688405.04446785,1470637.7241992,82577.657135,203878.618404,68325.986882,168690.836022,33882.548358,83655.344693,11548.802301,28509.429246,48695.108777,120223.273711
2013-12-01,384467.4784992,198901.46213757,583368.94063677,264676.97701797,848045.91765474,697326.57861394,1545372.4962687,89301.919443,220333.405498,76109.548212,187780.210602,31939.319315,78816.51613,13959.839535,34445.674939,57362.600128000005,141516.889368
2014-01-01,338416.305418,184648.84879804,523065.15421604,270194.80934961,793259.96356565,700624.87323462,1493884.8368003,49886.346038,122505.578865,40546.699856,99576.197813,22089.543461,54231.604835,8540.085773,20962.109393,27796.802577000002,68273.97403000001
2014-02-01,330989.3889565,185371.8017065,516361.190663,275392.1841598,791753.3748228,723027.38955368,1514780.7643765,57095.121562,138716.465445,43541.743519,105777.324806,28989.355977,70416.53845,12070.120008,29320.098374,28105.765585,68299.92699500002
2014-03-01,328565.2975005,181784.22023036,510349.51773086,280998.68613736,791348.20386822,747675.1232234,1539023.3270916,66026.970257,159455.741896,52023.579673,125663.264943,32591.895792,78689.91449,12923.439472,31206.428225,33435.074465,80765.827406
2014-04-01,335125.1967114,190206.80230706,525331.99901846,281692.45807291,807024.45709137,743715.75803861,1550740.21513,69354.737631,167410.879949,55226.622036,133305.810596,29774.066822,71871.438348,12569.580316,30339.454201,39580.670808999996,95539.441601
2014-05-01,341952.5196073,191234.39819122,533186.91779852,289762.07743181,822948.99523033,753089.31076782,1576038.3059982,72673.757634,175783.638349,59698.699967,144398.373979,26401.187617,63871.450946,10630.200293,25714.658223,46272.57001699999,111912.18740299999
2014-06-01,347608.0710406,196380.01580294,543988.08684354,291526.47975108,835514.56659462,752044.41674471,1587558.9833393,77863.007099,189507.843867,67444.125672,164132.255928,27177.585296,66143.081253,11887.647385,28924.701412,50685.42180299999,123364.76261399999
2014-07-01,357687.7994584,204910.00512883,562597.80458723,296773.46129117,859371.2658784,743062.03751862,1602433.303397,95347.367897,235168.643155,78891.889888,194744.334302,35638.760569,87561.194449,12289.232772,30189.267348,59708.607328000006,147607.448706
2014-08-01,365117.5969116,191672.35375222,556789.95066382,297452.31946491,854242.27012873,750624.41705933,1604866.6871881,92692.150071,226352.57468,76049.861584,185739.426353,34896.362344,85210.606834,12171.865064,29724.837171,57795.787726999995,141141.96784599999
2014-09-01,360416.7432879,206087.1138703,566503.8571582,301341.07421789,867844.93137609,730561.61756023,1598406.5489363,83059.06824,203258.625733,69352.031286,169743.93781,31133.419233,76170.603806,10795.041443,26410.247173,51925.64900699999,127088.021927
2014-10-01,364381.8983765,210552.25659089,574934.15496739,306059.54480683,880993.69977422,745251.1283409,1626244.8281151,82334.3761,200865.915432,66245.471534,161625.38361,33519.432475,81732.859339,11538.985896,28146.587637,48814.94362499999,119133.056093
2014-11-01,346450.0013465,203639.01624287,550089.01758937,298711.65374685,848800.67133622,801893.07904986,1650693.7503861,59480.440928,141864.284279,48891.356709,116564.09532,28953.695098,69029.947123,11077.431289,26398.474671,30526.745830000003,72834.33715600001
2014-12-01,348358.9744632,182886.26186464,531245.23632784,287032.09258,818277.32890784,855918.28096268,1674195.6098705,75288.530465,162724.648822,58863.41251,127287.202507,45728.679411,97889.750938,14948.123377,32230.828138,29559.851054000006,64834.89788399999
2015-01-01,306359.4301619,170327.17560941,476686.60577131,283933.00134427,760619.60711558,853214.79621857,1613834.4033342,34290.533173,72169.493278,25778.471103,54267.329713,20998.944264,44146.050655,8294.392907,17446.35008,13291.588909000002,28023.442622999995
2015-02-01,302794.9992025,175306.23010205,478101.22930455,286234.11192946,764335.34123401,857720.07888072,1622055.4201147,41875.684395,87505.064754,32600.853509,68113.186972,28688.658552,59965.159839,12845.067367,26843.696208,13187.025842999996,27539.904915000006
2015-03-01,296473.4858073,174230.2730194,470703.7588267,286150.79798063,756854.55680733,844882.07202643,1601736.6288338,54030.541486,113145.671646,40097.79478,83961.081536,29591.270649,61906.139141,15396.84685,32215.384664,24439.270837000004,51239.532505
2015-04-01,306227.8819384,179550.43293218,485778.31487058,291434.69132061,777213.00619119,858478.32523056,1635691.3314217,54443.626112,114735.496014,45518.899276,95910.394822,28019.7699,59089.209992,12710.138211,26801.380829,26423.856212,55646.28602200001
2015-05-01,312855.1001344,182919.09135752,495774.19149192,287198.09030969,782972.28180161,896010.71556601,1678982.9973676,63310.742863,131904.668731,51049.57499,106345.047104,28297.246269,58950.784223,10594.179068,22060.990994,35013.496594,72953.88450800002
2015-06-01,324487.816468,188163.19941903,512651.01588703,287515.08001594,800166.09590297,886780.49050382,1686946.5864068,77528.297894,163224.497277,61033.243058,128537.925309,31486.692646,66251.628697,11745.614642,24722.229981,46041.60524800001,96972.86858
2015-07-01,345013.7013914,188215.10888682,533228.81027822,294950.32197409,828179.13225231,936082.14501819,1764261.2772705,85695.223158,179652.944419,65418.982093,137172.868849,30971.494205,64913.276094,12682.941846,26579.889671,54723.728953,114739.668325
2015-08-01,328036.575827,173913.67880795,501950.25463495,293086.92373562,795037.17837057,939119.34718493,1734156.5255555,76694.375762,159778.638117,54977.388867,114665.611482,27530.005389,57364.910282,13170.092633,27443.782886,49164.370373,102413.727835
2015-09-01,322172.7444975,187259.63005421,509432.37455171,283660.09100367,793092.46555538,922092.68295367,1715185.1485091,81550.714792,169296.414301,52023.589273,108150.410962,30214.144899,62778.292493,14170.245302,29447.152165,51336.569893,106518.12180800001
2015-10-01,323571.5165998,210819.42035371,534390.93695351,287267.91587136,821658.85282487,930379.74888776,1752038.6017126,68390.937226,144660.08283,51594.642938,109122.322669,29635.509916,62691.878205,13761.521567,29109.955267,38755.42731,81968.204625
2015-11-01,324518.110055,195434.3663367,519952.4763917,290936.88665285,810889.36304455,956783.22666419,1767672.5897087,61221.919085,127575.337783,47480.727,98924.072834,29682.415366,61815.21508,12778.555063,26612.460603,31539.503719,65760.122703
2015-12-01,345506.5201069,210114.15504392,555620.67515082,304855.95524411,860476.63039493,995199.85953922,1855676.4899341,81084.323079,168010.998635,53742.647079,111367.219086,48814.737751,101119.343475,15575.982163,32264.224621,32269.585327999994,66891.65516
2016-01-01,306680.5708513,200305.88487743,506986.45572873,306427.09797301,813413.55370174,1003704.8897114,1817118.4434131,30377.926023,62515.960696,22736.204673,46787.913052,20667.586209,42519.080961,8455.716157,17391.826204,9710.339813999999,19996.879735000002
2016-02-01,296854.7464167,212704.7295594,509559.4759761,325644.51288623,835203.98886233,1023772.9990717,1858976.9879341,50748.035474,102770.732498,30690.230474,62190.292026,33703.190767,68232.824764,11575.597347,23460.260538,17044.844706999997,34537.90773399999
2016-03-01,296744.5935617,201515.99426986,498260.58783156,350171.86556437,848432.45339593,1023627.1249333,1872059.5783293,52473.705894,107931.616218,37397.118271,76846.133107,33928.28247,69837.470353,12320.022453,25311.026667,18545.423424,38094.145865
2016-04-01,309908.4314452,199641.41364269,509549.84508789,364555.98233548,874105.82742337,994563.5415817,1868669.3690051,50288.948414,104473.663532,39381.225845,81781.253492,31688.181192,65843.107014,11805.809519,24526.477142,18600.767222,38630.55651800001
2016-05-01,316494.2618705,198738.31585782,515232.57772832,372436.4157758,887668.99350412,981145.66964758,1868814.6631517,52382.293801,109514.079739,42595.718136,89050.896397,32309.911892,67555.515046,11736.051164,24536.002599,20072.381909,41958.56469299999
2016-06-01,332039.5592653,212504.20069,544543.7599553,381609.71525859,926153.47521389,994638.11466443,1920791.5898783,64601.293294,135277.198833,51276.040041,107366.073284,25977.439068,54393.198878,11214.802054,23482.663233,38623.854226,80883.999955
2016-07-01,348175.4739516,221265.8830466,569441.3569982,382633.85439213,952075.21139033,1048907.7663883,2000982.9777786,69368.316318,145594.691717,54796.441513,115013.904955,26857.753524,56365.210745,10658.492553,22370.56589,42510.562794,89229.48097200002
2016-08-01,351368.2692959,217336.41738094,568704.68667684,379820.65703769,948525.34371453,1032282.5396514,1980807.8833659,69564.379109,146293.583564,57945.106175,121853.938258,28584.651788,60115.599973,12586.142171,26469.020182,40979.727321,86177.983591
2016-09-01,354656.9585627,221706.5258172,576363.4843799,384213.37506035,960576.85944025,1032442.7335868,1993019.5930271,69622.317281,146837.718808,51744.063668,109121.998212,38031.73626,80207.527212,11778.783083,24840.933203,31590.581020999998,66630.191596
2016-10-01,356043.93742,222668.12616876,578712.06358876,401587.44569826,980299.50928702,1046152.524304,2026452.033591,64856.117556,136469.6443,51362.765914,108075.959125,36155.166138,76069.25944,12280.797717,25840.842852,28700.951417999997,60400.38486000002
2016-11-01,350849.2750616,235639.2930808,586488.5681424,412895.61311853,999384.18126093,1052737.9749395,2052122.1562004,59142.624681,123631.79194,45905.188364,95959.364091,31960.325062,66817.439338,11698.818739,24453.111208,27182.299619,56814.352602
2016-12-01,390918.4613825,264786.45521333,655704.91659583,418025.51662608,1073730.4332219,1106367.4869445,2180097.9201664,102189.733994,211572.20547,56732.127419,117462.744199,52670.050156,109025.467839,15068.88284,31205.644981,49519.683838,102546.73763099998
2017-01-01,363455.5741566,234479.49532605,597935.06948265,449197.91036879,1047132.9798514,1114253.464693,2161386.4445444,40981.629752,84327.959151,28893.441245,59450.488878,20727.519711,42647.113915,7790.142561,16027.932297,20254.110041,41680.845236
2017-02-01,360583.5920834,242260.83133307,602844.42341647,470811.19474925,1073655.6181657,1130764.7505159,2204420.3686817,49216.803136,101145.32209,34637.821484,71184.316733,32281.651496,66352.486825,10471.337132,21521.733828,16935.151640000004,34792.835265
2017-03-01,378849.4992285,247091.96607726,625941.46530576,468651.64050453,1094593.1058103,1127353.3968486,2221946.5026588,61815.943534,127486.505217,42036.359775,86674.951075,36127.780109,74501.914812,13346.885855,27519.189843,25688.163425,52984.590404999995
2017-04-01,372679.0787287,240951.35328997,613630.43201867,483116.94797166,1096747.3799903,1134549.7536042,2231297.1335946,53011.596698,109286.903805,39957.070595,82380.773595,41874.229921,86282.410537,11387.378155,23474.486527,11137.366777000003,23004.49326799999
2017-05-01,377018.6462476,242310.2574515,619328.9036991,492084.30090558,1111413.2046047,1119447.9296509,2230861.1342556,74886.955206,154924.813823,51390.591036,106291.766779,38286.255595,79194.943774,12849.243658,26577.766776,36600.699611,75729.870049
2017-06-01,387646.3861469,256363.48472947,644009.87087637,497347.27266052,1141357.1435369,1114674.1633295,2256031.3068664,71053.562917,147588.657025,54834.932822,113908.630824,38454.353734,79861.31315,13363.376195,27756.664055,32599.209183000006,67727.34387499999
2017-07-01,407701.409859,289578.59043312,697280.00029212,511241.50379658,1208521.5040887,1142409.1961874,2350930.7002761,83891.255559,175122.287948,62896.010467,131290.546967,37279.478299,77811.143189,11430.034613,23859.643226,46611.777259999995,97311.14475900002
2017-08-01,411450.0001905,281779.44868909,693229.44887959,525943.1111719,1219172.5600515,1155107.0193336,2374279.5793851,83534.498039,174508.72466,64570.195488,134882.561477,36115.052114,75453.863373,12559.18005,26239.020048,47419.445925,99054.861287
2017-09-01,413430.4554114,288048.31895709,701478.77436849,526101.41760257,1227580.1919711,1150269.1120035,2377849.3039746,76696.261113,160351.293101,58047.613062,121371.871469,42839.653083,89580.849376,12140.651747,25386.878239,33856.60803,70770.44372499999
2017-10-01,416951.896333,298979.2044486,715931.1007816,539187.33349131,1255118.4342729,1178866.6212423,2433985.0555152,78344.922907,162978.586127,60315.731919,125485.006759,51684.591664,107510.127807,12793.806601,26629.630049,26660.331243,55468.45831999999
2017-11-01,411964.9997231,302476.69553262,714441.69525572,556646.52381182,1271088.2190675,1196196.4687733,2467284.6878408,79505.330456,163807.598437,53869.545593,110976.095529,46188.051874,95191.355366,12819.892721,26410.092724,33317.278582,68616.243071
2017-12-01,445155.180902,343646.74946561,788801.93036761,595074.22559462,1383876.1559622,1198907.0161024,2582783.1720646,94198.390998,194956.736212,63732.684196,131903.392581,55807.536015,115413.78243,14608.558847,30236.873408,38390.854983000005,79542.95378199998
2018-01-01,408019.9234555,328832.16180921,736852.08526471,602022.4979346,1338874.5831993,1199759.274569,2538633.8577684,45678.253087,94671.745402,32677.37109,67727.838278,35849.762119,74346.944644,9360.134355,19407.316813,9828.490967999998,20324.800757999998
2018-02-01,402799.8837933,326367.49146667,729167.37525997,622405.83485654,1351573.2101165,1188658.2127643,2540231.4228808,60913.425226,126527.276544,38930.103586,80879.769734,47753.381404,99177.794208,10696.734432,22222.167343,13160.043822,27349.482335999986
2018-03-01,403217.9954429,340443.01111451,743661.00655741,631862.31211966,1375523.3186771,1188847.6654994,2564370.9841764,65859.050199,137101.476084,44651.365241,92953.389167,47986.308953,99890.207212,12528.749293,26080.922879,17872.741246000005,37211.268872
2018-04-01,411658.8571358,325623.95909362,737282.81622942,626817.21024868,1364100.0264781,1147652.163467,2511752.1899451,60296.756646,125400.031501,39662.029496,82435.516093,45113.026529,93726.988941,11293.152332,23467.171378,15183.730117,31673.04256
2018-05-01,425006.0939553,333080.18351585,758086.27747115,636801.62992856,1394887.9073997,1137295.0211075,2532182.9285072,67602.012668,139672.542073,50597.090897,104527.365507,44698.787141,92357.866979,11891.954177,24563.345273,22903.225526999995,47314.67509399999
2018-06-01,444864.8246869,338336.50010473,783201.32479163,630172.28760824,1413373.6123999,1150013.1827329,2563386.7951328,79236.40595,164200.465308,60061.308373,124460.619062,36690.220866,76018.054276,11216.21176,23242.515811,42546.185084,88182.41103200002
2018-07-01,457172.6239927,360684.85044495,817857.47443765,636149.40195006,1454006.8763877,1173108.8195773,2627115.695965,86382.514207,179414.731266,63917.502411,132733.34917,47427.352406,98501.193058,11798.894986,24505.820797,38955.161801,80913.53820799998
2018-08-01,457766.0530357,351754.14379946,809520.19683516,641143.33953746,1450663.5363726,1176628.2354162,2627291.7717888,77631.94173,160459.892563,60522.395833,124994.869012,46589.403828,96580.535934,12818.173911,26576.37421,31042.537902000004,63879.356629
2018-09-01,458314.0594507,368253.8881089,826567.9475596,631919.28074752,1458487.2283071,1176995.8586608,2635483.0869679,73394.982446,151681.640304,52079.165674,107643.854224,47864.615562,98958.857928,11310.276522,23379.147287,25530.366883999995,52722.782376
2018-10-01,459634.7963298,377477.81299395,837112.60932375,647978.09554987,1485090.7048736,1172442.7022971,2657533.4071707,85572.896157,176452.635788,57858.252772,119314.148925,58824.674714,121316.245038,12699.788547,26189.705765,26748.221442999995,55136.39075000002
2018-11-01,452359.0334339,383167.84722777,835526.88066167,653916.14645564,1489443.0271173,1187792.282206,2677235.3093233,75677.799659,155629.962031,51862.822415,106645.002451,55502.289021,114136.128543,12313.629225,25327.822053,20175.510638,41493.833488000004
2018-12-01,476996.4891032,418275.71006348,895272.19916668,671552.28808655,1566824.4872532,1208270.6743132,2775095.1615664,84148.054791,173663.656881,56108.628344,115802.398461,59708.584161,123219.698161,12659.344031,26120.574632,24439.470630000003,50443.95872000001
2019-01-01,440501.6388768,406887.00479181,847388.64366861,686213.67525125,1533602.3189199,1193929.5104702,2727531.8293901,57853.087925,119094.123371,32605.587959,67110.508673,49263.62428,101393.973161,8592.995011,17685.346558,8589.463644999996,17700.150209999993
2019-02-01,439844.86685,408664.99900935,848509.86585935,709551.44463427,1558061.3104936,1201436.0386249,2759497.3491185,68489.650911,140235.318693,37504.593718,76794.356049,45499.682877,93143.841172,11711.885278,23978.444934,22989.968034000005,47091.47752100001
2019-03-01,434436.4846089,408859.54957668,843296.03418558,720887.22225446,1564183.25644,1185960.7210802,2750143.9775202,64417.042466,132136.217253,42365.531754,86881.166026,44889.629587,92083.150315,12080.652739,24776.554141,19527.412878999996,40053.066938
2019-04-01,427914.1299842,405273.80984147,833187.93982567,738349.92601537,1571537.865841,1192756.5387939,2764294.404635,69887.408479,144321.78794,47382.123218,97866.261131,53408.353043,110313.83324,12990.97671,26832.170927,16479.055436000002,34007.9547
2019-05-01,427819.8468342,410541.45325474,838361.30008894,758689.55273477,1597050.8528237,1204918.0185407,2801968.8713644,81150.718279,168850.605575,49989.231175,104031.501271,54332.993912,113060.070669,12972.282112,26996.142693,26817.724366999995,55790.534906
2019-06-01,442130.4652608,395646.18556764,837776.65082844,772672.68489933,1610449.3357278,1182359.4132881,2792808.7490158,77490.405171,161948.142286,53151.998931,111064.852252,60470.818749,126400.480811,11913.405444,24895.339861,17019.586422000008,35547.661474999986
2019-07-01,461746.5662925,405663.08698086,867409.65327336,781805.19419488,1649214.8474682,1178430.1680279,2827645.0154961,89898.874577,188669.844646,64559.223815,135482.109683,68886.795361,144569.798953,13482.186047,28294.10913,21012.079216,44100.04569300002
2019-08-01,458223.9698495,407232.10977222,865456.07962172,808741.60028438,1674197.6799061,1193541.3773644,2867739.0572705,86037.885548,180781.665929,61895.210817,130060.795005,74681.257559,156898.309635,15375.577598,32304.866166,11356.627989,23883.356293999997
2019-09-01,464531.5491108,411097.7697743,875629.3188851,822209.06061248,1697838.3794976,1192764.741692,2890603.1211896,78881.20355,165626.360815,55976.724174,117529.607472,61614.929982,129381.663136,12718.908891,26706.221431,17266.273568000004,36244.69767899999
2019-10-01,468481.2099131,423823.21728494,892304.42719804,841124.69485684,1733429.1220549,1195892.486643,2929321.6086979,86402.407839,181393.578851,57736.29807,121208.347759,53496.686577,112311.95466,13275.861883,27871.772423,32905.72126200001,69081.624191
2019-11-01,464464.1455475,437037.04922093,901501.19476843,863225.30295025,1764726.4977187,1171118.5368825,2935845.0346012,75996.027914,159291.730775,51159.028402,107234.420548,59448.353642,124631.009998,12278.241686,25736.687995,16547.674272000004,34660.72077700001
2019-12-01,502304.1163107,494571.09741476,996875.21372546,906255.79964613,1903131.0133716,1182333.2316449,3085464.2450165,103437.870736,216223.343374,60521.179566,126504.306143,71913.356315,150364.096667,14174.965593,29633.205471,31524.514421,65859.24670699998
2020-01-01,467879.1019939,454704.342453,922583.4444469,921303.79119628,1843887.2356432,1167119.9238375,3011007.1594807,53957.558745,112607.836852,32506.227725,67845.0127,33465.44229,69845.196188,9074.246422,18938.025022,20492.116455000003,42762.64066399999
2020-02-01,457997.5640723,458470.70813214,916468.27220444,957217.9857229,1873686.2579273,1181731.4768457,3055417.7347731,58931.71793,123115.157366,36583.917553,76431.757166,50414.475715,105315.213121,10572.784398,22089.567206,8517.242214999998,17799.944245000006
2020-03-01,474828.7863451,454449.58225068,929278.36859578,935722.30755562,1865000.6761514,1209997.8871228,3074998.5632742,57464.975697,117840.099385,34754.659307,71319.897394,44480.618289,91024.428379,12591.887038,25819.530731,12984.357408000003,26815.67100599999
2020-04-01,493455.0438201,446082.74223337,939537.78605347,937821.34104752,1877359.127101,1134334.8735282,3011694.0006292,44229.078703,90599.895795,26576.614319,54539.392013,31703.689346,65065.534314,7767.626627,15931.896076,12525.389357,25534.361481000007
2020-05-01,503794.9394792,465687.69993264,969482.63941184,950344.13341185,1919826.7728237,1158068.8958678,3077895.6686915,49392.952629,102016.449767,35096.274767,72491.60464,31926.419162,65926.639013,8830.280387,18234.952853,17466.533467,36089.81075399999
2020-06-01,508657.2095712,479252.4685887,987909.6781599,971455.06363703,1959364.7417969,1130231.1123722,3089595.8541691,81522.244708,169410.876876,55418.182089,115149.084243,60466.366441,125638.915706,11845.234088,24607.789538,21055.878267,43771.961169999995
2020-07-01,530743.0498442,504800.70905019,1035543.7588944,994085.50461918,2029629.2635136,1138533.8608008,3168163.1243144,86125.139323,177699.177258,62452.598984,128871.445261,48234.784399,99564.814512,11561.818621,23859.261709,37890.354924,78134.36274600001
2020-08-01,538311.9700162,519160.10558414,1057472.0756003,1009081.2437598,2066553.3193601,1149195.4564929,3215748.7758529,94502.718871,194672.217396,62000.75351,127710.941412,49177.545755,101304.970322,11761.423103,24226.8744,45325.173116000005,93367.247074
2020-09-01,550156.0975063,525269.54191842,1075425.6394247,1006425.8429417,2081851.4823664,1152674.0806969,3234525.5630633,92689.470985,190509.471721,67030.072046,137758.790923,60917.680288,125142.637293,12342.268292,25370.477078,31771.790697000004,65366.834428
2020-10-01,581744.3394312,504583.95234319,1086328.2917744,978373.27936359,2064701.571138,1118578.9011718,3183280.4723097,103931.729612,211468.623753,66509.060938,135308.205167,57703.989654,117433.384942,12859.171224,26158.706947,46227.739958,94035.23881099999
2020-11-01,594034.9331212,511016.79263101,1105051.7257522,947515.64600186,2052567.3717541,1145128.2119403,3197695.5836943,76239.834766,152665.348296,59257.455867,118648.880765,83901.828958,167680.558679,11045.646359,22109.131138,-7661.994191999998,-15015.210382999998
2020-12-01,648436.6339512,588304.91973958,1236741.5536908,947162.9424719,2183904.4961627,1178133.5284131,3362038.0245757,103422.044054,199073.545739,75464.965959,145278.564227,69173.360961,133397.831943,13464.986668,25942.962432,34248.683093,65675.713796
2021-01-01,609988.2085112,537741.8958668,1147730.104378,947245.68337468,2094975.7877527,1191784.32378,3286760.1115327,59649.358304,114446.690813,41973.979851,80533.883897,42797.791875,82138.051223,9349.909819,17946.805492,16851.566429,32308.63958999999
2021-02-01,603217.8758231,573562.4063824,1176780.2822055,959692.89839015,2136473.1805956,1239029.0215031,3375502.2020988,68963.51533,131704.941164,49225.626089,93997.635072,52693.857416,100789.146182,12929.505895,24696.591066,16269.657913999996,30915.794981999992
2021-03-01,596222.5986115,595180.75520932,1191403.3538208,964922.00936704,2156325.3631879,1268647.1151002,3424972.4782881,84115.387981,159442.993975,60986.729334,115608.417781,49359.092252,93583.265033,15128.171197,28677.819867,34756.295729000005,65859.72894199999
2021-04-01,583773.513307,585974.61430046,1169748.1276075,957816.38812482,2127564.5157323,1250196.2485139,3377760.7642462,88239.303312,167914.406729,61201.353793,116465.68538,49282.006575,93808.805186,14696.700318,27956.412686,38957.296737000004,74105.60154300001
2021-05-01,601213.7100925,597811.40850817,1199025.1186007,972914.2911263,2171939.409727,1265815.3561198,3437754.7658467,91151.986858,174854.35669,65284.353588,125225.165522,50348.276835,96583.185535,12388.449337,23762.065119,40803.71002300001,78271.17115499999
2021-06-01,623117.0783658,619212.0455979,1242329.1239637,1002752.9303196,2245082.0542833,1246057.4207304,3491139.4750137,102370.717507,199803.42012,73710.602815,143702.204277,50500.945311,98382.197693,13007.265859,25352.780804,51869.77219599999,101421.222427
2021-07-01,624684.3087042,652046.47466614,1276730.7833703,1013700.0185436,2290430.8019139,1258551.6071256,3548982.4090396,97386.202895,198342.973457,69396.744504,141206.169248,47915.870126,97633.798234,12289.073347,25024.290393,49470.33276899999,100709.17522299998
2021-08-01,631740.9256551,649748.60290204,1281489.5285571,1030457.5054132,2311947.0339703,1311157.0861459,3623104.1201163,95185.564853,193597.114751,66316.370749,134874.663378,49597.51499,100860.057256,12443.641146,25310.434271,45588.049863,92737.05749499999
2021-09-01,617491.8953151,651226.0249527,1268717.9202678,1046825.7772849,2315543.6975526,1290003.7308895,3605547.4284421,96030.079576,196699.226593,65282.938604,133738.305667,50173.001392,102815.979798,12923.87228,26478.24954,45857.078184000005,93883.246795
2021-10-01,611613.0293204,663662.18454465,1275275.2138651,1065420.2620199,2340695.4758849,1309780.2222563,3650475.6981412,88886.823721,185435.716203,60275.122788,125716.516714,54022.064465,112659.184542,12817.481075,26696.747397,34864.75925599999,72776.53166099999
2021-11-01,596803.4014613,664433.12908519,1261236.5305465,1073840.9456535,2335077.4762,1314928.0607686,3650005.5369686,84217.563546,176270.096673,57050.45506,119443.066085,54079.267733,113230.827549,13568.650587,28414.832582,30138.295813000004,63039.269124
2021-12-01,636087.7607305,731215.97906687,1367303.7397974,1095528.2364883,2462831.9762857,1339774.071612,3802606.0478977,102035.462073,210424.407223,66250.42352,136717.344303,64609.741051,133137.303347,15441.848612,31855.567492,37425.721022000005,77287.10387599998
2022-01-01,581244.3994061,693873.18969936,1275117.5891055,1121345.2308158,2396462.8199213,1339232.1807563,3735695.0006776,61637.884914,127895.185397,36616.251772,75978.264491,42146.924572,87438.321565,9610.429333,19938.823024,19490.960342,40456.86383199999
2022-02-01,560377.3638484,692190.27282512,1252567.6366735,1132112.388319,2384680.0249925,1371984.9123442,3756664.9373367,86550.181903,180121.32366,41164.730336,85772.666803,59522.240571,124018.977967,11236.966943,23419.094943,27027.941332000002,56102.345692999996
2022-03-01,560377.3638484,701904.84065744,1286742.6050314,1128286.2762701,2415028.8813015,1388970.2850642,3803999.1663657,125434.892988,252638.350513,46009.137565,92607.078967,78956.589224,158904.137935,24363.227999,48955.129696,46478.30376400001,93734.212578
2022-04-01,577186.4932757,713991.11707854,1291177.6103542,1133169.0094751,2424346.6198293,1301344.5516071,3725691.1714364,140965.482922,299462.564431,64826.994064,137947.004477,62457.867687,132873.540924,12840.290907,27257.122661,78507.615235,166589.02350699998
2022-05-01,583031.7944404,735798.73159963,1318830.52604,1135750.208838,2454580.734878,1361002.0389014,3815582.7737794,188151.938579,412115.779699,94781.943084,207400.029655,65386.152035,143018.031048,13158.834028,28775.348327,122765.786544,269097.748651
2022-06-01,610647.6138274,753363.84186517,1364011.4556926,1124262.516289,2488273.9719815,1325745.2314843,3814019.2034658,250694.159725,593923.560575,109708.76901,259969.031844,95371.319972,226047.628208,15286.692178,36212.143632,155322.839753,367875.93236700003
2022-07-01,611995.5038775,803589.4269665,1415584.930844,1093111.2544584,2508696.1853024,1387507.379835,3896203.5651374,232992.748888,567721.022813,90382.446098,219998.101131,177559.419102,432325.198787,14901.781476,36279.98865,55433.32978599999,135395.82402600005
2022-08-01,622637.3622438,843465.00841215,1466102.3706559,1094548.5531953,2560650.9238512,1397256.9950223,3957907.9188735,191668.029236,472282.563523,79583.361986,196097.006952,73484.772277,181090.186547,17836.487193,43953.476386,118183.256959,291192.376976
2022-09-01,638550.793144,836332.23269002,1474883.025834,1090893.2370547,2565776.2628887,1484205.8774176,4049982.1403063,226175.969073,551552.368714,79638.259914,194300.131997,99519.344741,242527.935965,16457.223301,40208.768249,126656.62433199999,309024.43274899997
2022-10-01,635566.4202909,890450.18952653,1526016.6098174,1093004.7304392,2619021.3402566,1507019.9309213,4126041.271178,248985.197317,618050.776086,72450.554786,179841.366118,117286.814887,291127.491721,14048.299032,34892.114683,131698.38243,326923.284365
2022-11-01,639423.9899415,918858.84075337,1558282.8306949,1115841.6160423,2674124.4467371,1571276.6257684,4245401.0725055,205558.993221,519853.406539,68472.895144,173135.412864,116471.125568,294532.051465,13586.222633,34357.431082,89087.86765300001,225321.35507399996
2022-12-01,675702.7147587,1004292.3819134,1679995.0966721,1113734.0412694,2793729.1379415,1621243.4978826,4414972.6358242,233095.414776,590931.746103,69020.251849,174993.155129,114038.086921,289069.261991,16673.473671,42265.833272,119057.327855,301862.48411200003
2023-01-01,631494.2697626,954521.71527765,1586015.9850403,1135181.2977409,2721197.2827812,1626545.1879104,4347742.4706915,152884.446613,386084.915364,41031.110726,103634.640687,85455.194763,215892.911334,11903.167314,30075.915146,67429.25185,170192.00403
2023-02-01,624205.5801414,967918.49921305,1592124.0793545,1158420.204509,2750544.2838635,1671753.9864861,4422298.2703496,280712.512698,713945.783135,43283.950143,110018.566033,150740.179528,381820.230461,11654.413467,29617.636712,129972.33317,332125.55267400004
2023-03-01,630901.3871464,1018701.9962917,1649603.3834381,1170171.5955139,2819774.978952,1678045.0390122,4497820.0179643,187387.791562,482433.023014,48918.889781,125971.533281,167648.420876,431561.420612,15024.856049,38682.616507,19739.37068600001,50871.60240199999
2023-04-01,645789.9038974,999942.20885223,1645732.1127496,1185570.9521028,2831303.0648525,1688284.7178142,4519587.7826667,179414.041034,462615.477827,42394.555394,109317.511831,114811.817399,296060.100384,15269.769725,39390.747364,64602.22363499999,166555.37744300003
2023-05-01,665454.7795496,1030750.6967587,1696205.4763083,1244209.2105545,2940414.6868627,1627655.321709,4568070.0085717,168332.82633,435420.253418,50618.991174,130944.072985,149922.282793,387866.012607,15579.459762,40300.392085,18410.54353700002,47554.240810999996
2023-06-01,692253.7794065,1062067.2051692,1754320.9845757,1257482.0334507,3011803.0180263,1621068.9246235,4632871.9426498,171898.675458,444586.413568,49496.789923,128040.464788,121508.052832,314201.394702,14258.196876,36876.984943,50390.62262600001,130385.018866
2023-07-01,719383.4255375,1079746.5971058,1799130.0226432,1292506.4700609,3091636.4927042,1636431.0286505,4728067.5213546,145895.194878,377303.169659,45115.692255,116738.092564,94298.100918,243954.779012,13174.773054,34084.333606,51597.09396000001,133348.390647
2023-08-01,727707.6247126,1109637.7838124,1837345.408525,1329245.4157787,3166590.8243037,1675025.7813312,4841616.6056349,199816.678183,517483.047362,41684.714177,107943.158912,121690.420324,315103.535597,14886.49816,38547.797492,78126.257859,202379.511765
2023-09-01,729689.8802,1102605.379379,1832295.259579,1322219.972136,3154515.2317151,1717750.4149884,4872265.6467035,172021.492147,444429.023202,36358.989422,93947.36658,134408.747288,347456.404138,14548.354375,37595.63881,37612.744859,96972.61906400003
2023-10-01,742161.9490916,1119523.6518058,1861685.6008974,1351433.2888968,3213118.8897942,1781207.6203387,4994326.5101329,219225.28039,543264.718322,40110.954097,99086.82854,168690.566934,417880.680325,16391.28928,40551.690483,50534.713456,125384.03799699998
2023-11-01,734960.4703301,1154875.1595449,1889835.629875,1353606.747309,3243442.3771841,1775358.4687301,5018800.8459142,165734.731955,411689.963853,35301.846336,87686.725086,149777.673279,372065.216747,14684.173285,36477.567448,15957.058675999986,39624.747106000024
2023-12-01,778133.2103897,1271859.5945932,2049992.8049829,1360113.0382944,3410105.8432773,1771811.9366381,5181917.7799154,192618.424881,476270.834259,41375.51041,102275.348464,128211.424698,316951.266084,13425.83905,33193.971092,64407.00018300001,159319.56817500002
2024-01-01,737963.4985295,1177029.4137346,1914992.9122641,1388681.9873825,3303674.8996466,1762411.4719465,5066086.3715931,146066.549918,360737.624471,28312.444107,69915.076931,132770.556502,327915.0229,16377.52332,40455.290339,13295.993416000012,32822.60157100001
2024-02-01,731217.7354926,1192448.8767108,1923666.6122034,1411880.4216414,3335547.0338448,1778919.1665219,5114466.2003667,165928.485976,410499.661407,30396.258239,75179.565597,117021.390891,289457.295766,15200.133581,37600.113315,48907.09508499999,121042.36564099998
2024-03-01,731731.0134462,1186286.6213771,1918017.6348233,1431981.3685886,3349999.003412,1716423.9629755,5066422.9663874,177695.028418,443514.348951,32233.918434,80391.574499,127650.198989,318819.695726,15346.755786,38293.948677,50044.829429000005,124694.65322500002
2024-04-01,721676.5123303,1162722.9066672,1884399.4189975,1449153.8836479,3333553.3026454,1674450.7981806,5008004.1008261,178785.16422,457671.310905,31784.055754,81403.826287,159714.797111,408710.200512,13846.014691,35397.289833,19070.367109000013,48961.11039300001
2024-05-01,737554.6706237,1254726.1963927,1992280.8670164,1456492.4181941,3448773.2852105,1776672.1094652,5225445.3946757,161292.496236,415992.959057,33376.730905,86064.733583,114083.359133,294146.670001,13792.270652,35563.077101,47209.137103,121846.28905600001
2024-06-01,767702.1499808,1243051.9238995,2010754.0738803,1475549.564,3486303.6378803,1771320.3794094,5257624.0172897,169399.621442,436468.477559,31565.447213,81336.588393,112695.386269,290427.302378,12429.793779,32025.226928,56704.23517300001,146041.17518100003
2024-07-01,795381.452463,1270599.167382,2065980.619845,1507359.1867853,3573339.8066303,1766941.4446743,5340281.2513046,188536.005225,485873.201292,34854.889922,89819.20952,125180.084042,322592.590274,15053.994816,38791.752604,63355.921183,163280.611018
2024-08-01,805896.5661118,1302016.2073177,2107912.7734295,1539781.249908,3647694.0233375,1796808.3966741,5444502.4200116,214015.75341,551304.87364,35408.976802,91238.704371,201535.325297,519249.740627,13497.129917,34776.139737,12480.428113000002,32055.133013000013
2024-09-01,802077.7824334,1291411.0724915,2093488.8549249,1592337.6490998,3685826.5040247,1784049.4726034,5469875.9766281,155664.35366,401828.873917,33887.281895,87484.945488,117997.758829,304592.622924,12262.101743,31655.210799,37666.594830999995,97236.250993
2024-10-01,802856.0880107,1322013.9047054,2124869.9927161,1647655.2418985,3772525.2346146,1794997.5351192,5567522.7697338,215625.407471,556840.398778,32947.734867,85081.531557,153642.090044,396823.432414,14827.910615,38292.746083,61983.317427,160016.96636400005
2024-11-01,794608.1372947,1319448.6645375,2114056.8018322,1678021.1256552,3792077.9274874,1857510.5142656,5649588.4417531,177881.459083,456136.317102,31069.27281,79909.812734,147719.806739,379714.051037,15510.015486,39825.170037,30161.652344000002,76422.26606499997
2024-12-01,838595.0826209,1535149.3330541,2373744.415675,1684905.128,4058649.543675,1832286.6106502,5890936.1543252,341253.545482,860227.986148,41855.753166,105623.492181,188355.681743,475273.311178,14791.908532,37317.061095,152897.863739,384954.67497
2025-01-01,802653.2070182,1417932.5643013,2220585.7713195,1709511.046,3930096.8173195,1829631.9057786,5759728.7230981,150242.3165278,377512.35958342,27125.190059972,68175.300027987,142809.36994539,358802.61107764,13359.88668428,33579.693084828,7432.94658240999,18709.748505780008
2025-02-01,809396.2739282,1379067.0194607,2188463.2933889,1755430.535,3943893.8283889,1834312.9883353,5778206.8167242,185286.2731212,467800.76062669,30215.191747767,76354.44261776,157850.02484472,398978.70270405,12551.152492562,31722.299478001,27436.248276480008,68822.05792264
2025-03-01,813417.3235737,1409677.9787215,2223095.3022952,1790175.659,4013270.9612952,1852621.3585402,5865892.3198354,167522.80104823,426477.8201941,33662.497529387,85705.497485039,145556.44408404,370321.45631586,13226.717327487,33673.169272966,21966.356964189996,56156.363878239994
2025-04-01,832655.1111349,1408772.604756,2241427.7158909,1837626.219,4079053.9348909,1830185.21229,5909239.1471809,195435.14595691,500211.5520979,38738.235866239,99130.185516637,144730.6104454,370493.7756821,14825.55867058,37955.325446794,50704.53551151001,129717.77641580004
2025-05-01,849629.0742349,1410920.0169709,2260549.0912058,1889144.563,4149693.6542058,1811367.1505383,5961060.8047441,206022.25168503,532876.5798485,35840.747424743,92642.783396529,113837.90787004,294560.41164262,12477.942562754,32272.403447746,92184.34381499,238316.16820587998
2025-06-01,880304.2132408,1466820.4578008,2347124.6710416,1913895.722676,4261020.3937176,1844850.8186246,6105871.2123422,173448.65480123,451308.90369256,37903.618391831,98651.680817406,144266.90900059,375413.97828234,14895.244192575,38768.364612512,29181.745800639997,75894.92541021999
2025-07-01,915554.3805426,1464985.8351128,2380540.2156554,1958227.039622,4338767.2552774,1863529.157814,6202296.4130914,204785.85384769,533211.29727433,45198.370475422,117689.90923218,155237.87371296,404209.38124104,17306.507231792,45063.751576467,49547.98013473002,129001.91603329004
2025-08-01,925958.8630558,1479682.553817,2405641.4168728,2024389.66471,4430031.0815828,1842723.5744132,6272754.655996,174600.23157591,455579.570336,42831.370896109,111745.37407666,108396.6072636,282873.32407775,14897.779590131,38875.882043276,66203.62431231,172706.24625825003
2025-09-01,925526.7552928,1503154.3958067,2428681.1510995,2078182.597669,4506863.7487685,1845948.3052846,6352812.0540531,194255.48661118,507440.58770677,39825.453297975,104022.06566138,142144.41629952,371323.60089604,14992.182782052,39160.921063628,52111.070311660005,136116.98681073
2025-10-01,946961.4426751,1529066.8850499,2476028.327725,2156733.951941,4632762.279666,1916617.669398,6549379.949064,194917.72941307,509304.79665742,39403.91589711,102939.24745128,148190.25494443,387188.59798183,15902.243827797,41548.594821199,46727.47446863999,122116.19867558999
2025-11-01,947176.2577588,1522733.2621598,2469909.5199186,2219542.234934,4689451.7548526,1903759.4155652,6593211.1704178,190367.89694637,498462.91852522,33992.993972024,88964.5571912,123010.419533,321550.38144671,14310.168165096,37332.800321432,67357.47741337,176912.53707851004
2025-12-01,993953.9061054,1679531.5752516,2673485.481357,2277175.929059,4950661.410416,1986763.727334,6937425.13775,274630.20905478,719693.80442081,46118.625071693,120885.95347022,154377.17858765,404635.91750639,16362.424568487,42891.791742965,120253.03046713001,315057.88691441994
2026-01-01,949544.0849576,1576878.9311265,2526423.0160841,2345601.929587,4872024.9456711,1950385.6748498,6822410.6205209,189710.30876408,499403.06940088,30341.184366822,79853.009303827,125399.36103447,330290.50547077,11445.976553475,30128.711011151,64310.947729609994,169112.56393011002
2026-02-01,939651.2024699,1585955.8486013,2525607.0510712,2428895.140201,4954502.1912722,1930639.6532851,6885141.8445573,171481.85652621,454118.98376564,32726.446135146,86704.387557362,120913.22691824,320238.23529399,15005.565873326,39735.6082547,50568.62960797,133880.74847165
