prediction_date,target_quarter,stage,model,actual,prediction,train_end,feature_count,shock_flag,dfm_converged,dfm_n_monthly_series,dfm_n_factors,dfm_cutoff_month,dfm_fallback_used,abs_pct_error,abs_error,squared_error,residual,interval_lo_50,interval_hi_50,interval_lo_90,interval_hi_90
2011-01-01,2011-Q1,Early,DFM,101.9,110.38719828757972,2010-10-01,11,False,True,11,2,2011-01-31T00:00:00,full_ar1,8.32894827044133,8.487198287579716,72.03253477269607,-8.487198287579716,,,,
2011-04-01,2011-Q2,Early,DFM,103.1,108.79345428824882,2011-01-01,11,False,True,11,2,2011-04-30T00:00:00,full_ar1,5.5222641011142874,5.69345428824883,32.415421732378995,-5.69345428824883,,,,
2011-07-01,2011-Q3,Early,DFM,106.7,107.2296508499986,2011-04-01,13,False,True,13,2,2011-07-31T00:00:00,full_ar1,0.49639254920206494,0.5296508499986032,0.2805300229042429,-0.5296508499986032,,,,
2011-10-01,2011-Q4,Early,DFM,105.2,107.58477005022884,2011-07-01,13,False,True,13,2,2011-10-31T00:00:00,full_ar1,2.266891682727032,2.3847700502288376,5.687128192468452,-2.3847700502288376,,,,
2012-01-01,2012-Q1,Early,DFM,105.2,108.45875870308767,2011-10-01,13,False,True,13,2,2012-01-31T00:00:00,full_ar1,3.0976793755586165,3.258758703087665,10.6195082849496,-3.258758703087665,,,,
2012-04-01,2012-Q2,Early,DFM,107.2,108.2044224785362,2012-01-01,13,False,True,13,2,2012-04-30T00:00:00,full_ar1,0.9369612672912303,1.004422478536199,1.0088645153888012,-1.004422478536199,,,,
2012-07-01,2012-Q3,Early,DFM,109.1,109.07098061033527,2012-04-01,13,False,True,13,2,2012-07-31T00:00:00,full_ar1,0.026598890618446638,0.02901938966472528,0.0008421249765131645,0.02901938966472528,,,,
2012-10-01,2012-Q4,Early,DFM,106.3,109.58916853641598,2012-07-01,13,False,True,13,2,2012-10-31T00:00:00,full_ar1,3.09423192513263,3.2891685364159855,10.818629660948876,-3.2891685364159855,,,,
2013-01-01,2013-Q1,Early,DFM,107.3,107.52898856108224,2012-10-01,13,False,True,13,2,2013-01-31T00:00:00,full_ar1,0.21340965618103133,0.22898856108224663,0.0524357611065178,-0.22898856108224663,104.70722418442399,110.3507529377405,100.99741107303414,114.06056604913034
2013-04-01,2013-Q2,Early,DFM,100.9,109.9669893751999,2013-01-01,13,False,True,13,2,2013-04-30T00:00:00,full_ar1,8.98611434608513,9.066989375199896,82.2102963299878,-9.066989375199896,107.58221932497106,112.35175942542874,103.71478628708489,116.21919246331491
2013-07-01,2013-Q3,Early,DFM,101.7,104.16752945440156,2013-04-01,13,False,True,13,2,2013-07-31T00:00:00,full_ar1,2.4262826493623963,2.467529454401557,6.088701608339246,-2.467529454401557,101.34576507774331,106.98929383105981,95.62235205805983,112.71270685074329
2013-10-01,2013-Q4,Early,DFM,105.1,107.4171699790113,2013-07-01,13,False,True,13,2,2013-10-31T00:00:00,full_ar1,2.204728809715805,2.317169979011311,5.369276711631279,-2.317169979011311,104.94964052460975,109.88469943341286,98.92997169143159,115.90436826659102
2014-01-01,2014-Q1,Early,DFM,103.0,108.4830610809699,2013-10-01,13,False,True,13,2,2014-01-31T00:00:00,full_ar1,5.3233602727863145,5.483061080969904,30.06395881764685,-5.483061080969904,106.0569113286547,110.9092108332851,100.27523719332328,116.69088496861653
2014-04-01,2014-Q2,Early,DFM,102.1,106.2436883964751,2014-01-01,13,False,True,13,2,2014-04-30T00:00:00,full_ar1,4.0584607213272275,4.143688396475099,17.170153527082377,-4.143688396475099,103.77615894207354,108.71121785087665,98.31523890876156,114.17213788418863
2014-07-01,2014-Q3,Early,DFM,105.4,105.62758693021661,2014-04-01,18,False,True,18,2,2014-07-31T00:00:00,full_ar1,0.21592687876338038,0.22758693021660292,0.05179581080541689,-0.22758693021660292,102.764442851472,108.49073100896122,97.97851184243615,113.27666201799707
2014-10-01,2014-Q4,Early,DFM,103.4,108.78116079750893,2014-07-01,18,False,True,18,2,2014-10-31T00:00:00,full_ar1,5.204217405714628,5.381160797508926,28.9568915286469,-5.381160797508926,106.31363134310737,111.24869025191049,101.41146010966158,116.15086148535629
2015-01-01,2015-Q1,Early,DFM,103.4,106.96652943393882,2014-10-01,18,False,True,18,2,2015-01-31T00:00:00,full_ar1,3.4492547717009776,3.566529433938811,12.720132203151897,-3.566529433938811,104.1033853551942,109.82967351268343,99.87620314602455,114.05685572185308
2015-04-01,2015-Q2,Early,DFM,104.5,106.45677768951136,2015-01-01,18,False,True,18,2,2015-04-30T00:00:00,full_ar1,1.872514535417565,1.9567776895113553,3.8289789261693983,-1.9567776895113553,103.19801898642369,109.71553639259902,99.64582580153017,113.26772957749255
2015-07-01,2015-Q3,Early,DFM,104.3,108.78688327171147,2015-04-01,18,False,True,18,2,2015-07-31T00:00:00,full_ar1,4.3019015069141675,4.486883271711477,20.132121493964288,-4.486883271711477,105.92373919296686,111.65002735045609,102.25530578366337,115.31846075975957
2015-10-01,2015-Q4,Early,DFM,101.3,108.86608466963628,2015-07-01,18,False,True,18,2,2015-10-31T00:00:00,full_ar1,7.468987827873922,7.5660846696362825,57.245637228105174,-7.5660846696362825,105.60732596654861,112.12484337272394,102.61388158152127,115.11828775775129
2016-01-01,2016-Q1,Early,DFM,104.3656295,107.85263785617042,2015-10-01,18,False,True,18,2,2016-01-31T00:00:00,full_ar1,3.3411462881756684,3.4870083561704206,12.159227276002339,-3.4870083561704206,104.57867423641859,111.12660147592224,100.19444182473978,115.51083388760105
2016-04-01,2016-Q2,Early,DFM,102.3970751,109.62319892289516,2016-01-01,18,False,True,18,2,2016-04-30T00:00:00,full_ar1,7.056963117196657,7.226123822895161,52.216865503812976,-7.226123822895161,106.33403038647917,112.91236745931114,102.05711425325887,117.18928359253144
2016-07-01,2016-Q3,Early,DFM,97.44441504,106.95973028528637,2016-04-01,20,False,True,20,2,2016-07-31T00:00:00,full_ar1,9.764864657846658,9.515315245286374,90.54122421717928,-9.515315245286374,103.57164183899317,110.34781873157957,99.4276417003242,114.49181887024854
2016-10-01,2016-Q4,Early,DFM,98.9769688,104.87023623712632,2016-07-01,20,False,True,20,2,2016-10-31T00:00:00,full_ar1,5.954180561979714,5.893267437126326,34.7306010854935,-5.893267437126326,101.3832278809559,108.35724459329674,96.5672606731353,113.17321180111735
2017-01-01,2017-Q1,Early,DFM,107.2593067,106.78357142359779,2016-10-01,20,False,True,20,2,2017-01-31T00:00:00,full_ar1,0.44353752698851306,0.4757352764022045,0.2263240532134819,0.4757352764022045,103.25680252854318,110.31034031865241,98.5727072214011,114.99443562579448
2017-04-01,2017-Q2,Early,DFM,106.7242348,112.0925496055549,2017-01-01,20,False,True,20,2,2017-04-30T00:00:00,full_ar1,5.030080389533876,5.368314805554888,28.81880385153982,-5.368314805554888,108.60554124938447,115.57955796172531,103.97379676515254,120.21130244595724
2017-07-01,2017-Q3,Early,DFM,104.4771836,107.51403394734203,2017-04-01,20,False,True,20,2,2017-07-31T00:00:00,full_ar1,2.9067115351892245,3.0368503473420247,9.222460032151377,-3.0368503473420247,103.98726505228741,111.04080284239664,99.48739246873403,115.54067542595003
2017-10-01,2017-Q4,Early,DFM,111.4066408,108.0891582897179,2017-07-01,20,False,True,20,2,2017-10-31T00:00:00,full_ar1,2.977813967335872,3.3174825102821046,11.005690206027655,3.3174825102821046,104.60214993354748,111.57616664588832,100.15462817290424,116.02368840653156
2018-01-01,2018-Q1,Early,DFM,109.889962,114.14337504676203,2017-10-01,20,False,True,20,2,2018-01-31T00:00:00,full_ar1,3.870611081621845,4.253413046762034,18.091522546365493,-4.253413046762034,110.74112961353578,117.54562047998829,106.30095629174272,121.98579380178134
2018-04-01,2018-Q2,Early,DFM,107.363836,110.02888186908558,2018-01-01,20,False,True,20,2,2018-04-30T00:00:00,full_ar1,2.4822565664341334,2.6650458690855743,7.102469484330084,-2.6650458690855743,106.54187351291516,113.515890225256,102.27857447586061,117.77918926231055
2018-07-01,2018-Q3,Early,DFM,102.8003833,109.16667527205183,2018-04-01,20,False,True,20,2,2018-07-31T00:00:00,full_ar1,6.192867932674178,6.36629197205184,40.52967347341171,-6.36629197205184,105.76442983882558,112.56892070527809,101.5084792406212,116.82487130348247
2018-10-01,2018-Q4,Early,DFM,103.2621811,105.95185933991111,2018-07-01,20,False,True,20,2,2018-10-31T00:00:00,full_ar1,2.604707949473191,2.689678239911103,7.23436903425129,-2.689678239911103,102.46485098374069,109.43886769608153,98.38577467027483,113.51794400954739
2019-01-01,2019-Q1,Early,DFM,107.6022335,106.8988037614621,2018-10-01,20,False,True,20,2,2019-01-31T00:00:00,full_ar1,0.6537315403754068,0.703429738537892,0.4948133970594871,0.703429738537892,103.49655832823584,110.30104919468837,99.36671517649994,114.43089234642427
2019-04-01,2019-Q2,Early,DFM,107.0503506,110.3868047735811,2019-01-01,20,False,True,20,2,2019-04-30T00:00:00,full_ar1,3.116714849489809,3.336454173581103,11.131926452406761,-3.336454173581103,107.069322263299,113.70428728386321,102.88871227329305,117.88489727386916
2019-07-01,2019-Q3,Early,DFM,108.1383799,106.7310348689824,2019-04-01,20,False,True,20,2,2019-07-31T00:00:00,full_ar1,1.3014297350478417,1.4073450310175986,1.9806200363299253,1.4073450310175986,103.4040665270508,110.05800321091401,99.26693845336845,114.19513128459636
2019-10-01,2019-Q4,Early,DFM,107.5823136,109.59059214041939,2019-07-01,20,False,True,20,2,2019-10-31T00:00:00,full_ar1,1.866736709052688,2.008278540419383,4.033182695909007,-2.008278540419383,106.27310963013728,112.9080746507015,102.16049180947955,117.02069247135923
2020-01-01,2020-Q1,Early,DFM,102.9803835,110.11343086290346,2019-10-01,20,True,True,20,2,2020-01-31T00:00:00,full_ar1,6.926607884406892,7.133047362903454,50.88036468142393,-7.133047362903454,106.81010533955441,113.4167563862525,102.71732661663773,117.50953510916918
2020-04-01,2020-Q2,Early,DFM,88.33937832,105.97520264697702,2020-01-01,20,True,True,20,2,2020-04-30T00:00:00,full_ar1,19.963717950440103,17.63582432697703,311.0222996919948,-17.63582432697703,102.65772013669492,109.29268515725913,98.61309448538542,113.33731080856863
2020-07-01,2020-Q3,Early,DFM,91.6496591,98.52944928408112,2020-04-01,20,True,False,20,2,2020-07-31T00:00:00,full_ar1,7.50661841150387,6.879790184081131,47.33151297697908,-6.879790184081131,95.20248094214952,101.85641762601273,90.68703052906181,106.37186803910043
2020-10-01,2020-Q4,Early,DFM,91.09830627,102.06009097334001,2020-07-01,20,True,True,20,2,2020-10-31T00:00:00,full_ar1,12.032918231049363,10.961784703340015,120.16072388237914,-10.961784703340015,98.7236367997589,105.39654514692111,94.30978358011504,109.81039836656498
2021-01-01,2021-Q1,Early,DFM,98.44935719,102.9238288780946,2020-10-01,20,True,True,20,2,2021-01-31T00:00:00,full_ar1,4.544947591134796,4.474471688094596,20.020896887560102,-4.474471688094596,99.51209761321883,106.33556014297037,94.37865148175285,111.46900627443634
2021-04-01,2021-Q2,Early,DFM,109.0651338,109.45553334909967,2021-01-01,20,True,True,20,2,2021-04-30T00:00:00,full_ar1,0.357950827636237,0.39039954909966923,0.15241180793722506,-0.39039954909966923,105.96852499292925,112.94254170527009,100.96833506151995,117.94273163667938
2021-07-01,2021-Q3,Early,DFM,102.3115688,109.71704897036722,2021-04-01,20,False,True,20,2,2021-07-31T00:00:00,full_ar1,7.238165006387051,7.405480170367213,54.841136553702,-7.405480170367213,106.30531770549146,113.12878023524297,101.32196204458185,118.11213589615258
2021-10-01,2021-Q4,Early,DFM,111.5612031,104.66406294042788,2021-07-01,20,False,True,20,2,2021-10-31T00:00:00,full_ar1,6.182382376595325,6.897140159572118,47.5705423807825,6.897140159572118,101.17705458425746,108.1510712965983,96.36108737643684,112.96703850441892
2022-01-01,2022-Q1,Early,DFM,109.0950249,115.11770830473704,2021-10-01,20,True,True,20,2,2022-01-31T00:00:00,full_ar1,5.520584839003999,6.0226834047370374,36.27271539369492,-6.0226834047370374,111.59093940968242,118.64447719979165,106.90684410254035,123.32857250693372
2022-04-01,2022-Q2,Early,DFM,112.9182569,112.67379997307694,2022-01-01,20,True,False,20,2,2022-04-30T00:00:00,full_ar1,0.21649017053066472,0.2444569269230641,0.0597591891206683,0.2444569269230641,109.10727053913813,116.24032940701575,104.55504713267459,120.79255281347929
2022-07-01,2022-Q3,Early,DFM,114.5620935,125.30522294552117,2022-04-01,20,True,True,20,2,2022-07-31T00:00:00,full_ar1,9.377560340690843,10.743129445521163,115.41483028322385,-10.743129445521163,121.77845405046655,128.83199184057577,117.27858146691317,133.33186442412915
2022-10-01,2022-Q4,Early,DFM,112.7058759,119.38569573607066,2022-07-01,20,True,True,20,2,2022-10-31T00:00:00,full_ar1,5.926771592634119,6.6798198360706635,44.619993042363106,-6.6798198360706635,115.81916630213185,122.95222517000947,110.66658101344288,128.10481045869844
2023-01-01,2023-Q1,Early,DFM,112.4528911,117.96947232536687,2022-10-01,20,True,True,20,2,2023-01-31T00:00:00,full_ar1,4.90568198950188,5.516581225366863,30.432668416070165,-5.516581225366863,114.11436341015991,121.82458124057382,109.3083367115011,126.63060793923263
2023-04-01,2023-Q2,Early,DFM,109.634644,114.5410049954675,2023-01-01,20,True,True,20,2,2023-04-30T00:00:00,full_ar1,4.475192162312772,4.906360995467509,24.07237821784492,-4.906360995467509,110.3973165989924,118.6846933919426,105.93784849036375,123.14416150057126
2023-07-01,2023-Q3,Early,DFM,107.1678697,111.04337671118579,2023-04-01,20,True,True,20,2,2023-07-31T00:00:00,full_ar1,3.6162956509583295,3.875507011185789,15.019554593750208,-3.875507011185789,106.84482598956723,115.24192743280435,102.49819931484404,119.58855410752753
2023-10-01,2023-Q4,Early,DFM,106.2164486,110.81019004732305,2023-07-01,20,True,True,20,2,2023-10-31T00:00:00,full_ar1,4.3248870658654655,4.5937414473230405,21.102460484853584,-4.5937414473230405,106.66650165084795,114.95387844379815,102.32299175974333,119.29738833490276
2024-01-01,2024-Q1,Early,DFM,107.1173573,109.6310671966228,2023-10-01,20,True,True,20,2,2024-01-31T00:00:00,full_ar1,2.346687745089469,2.5137098966227995,6.318737444379406,-2.5137098966227995,105.43251647500423,113.82961791824135,101.23598027083742,118.02615412240817
2024-04-01,2024-Q2,Early,DFM,107.0071111,111.2272001611886,2024-01-01,20,False,True,20,2,2024-04-30T00:00:00,full_ar1,3.9437463714396106,4.220089061188602,17.809151684363698,-4.220089061188602,107.0835117647135,115.3708885576637,102.92422459719756,119.53017572517965
2024-07-01,2024-Q3,Early,DFM,106.2613339,107.39552171785509,2024-04-01,20,False,True,20,2,2024-07-31T00:00:00,full_ar1,1.0673570302838942,1.1341878178550928,1.2863820061708973,-1.1341878178550928,103.21363298902324,111.57741044668694,99.1846575156584,115.60638592005178
2024-10-01,2024-Q4,Early,DFM,103.7956531,107.60206482587108,2024-07-01,20,False,True,20,2,2024-10-31T00:00:00,full_ar1,3.6672168941447576,3.8064117258710866,14.488770226848905,-3.8064117258710866,103.45837642939598,111.74575322234618,99.48331198546873,115.72081766627343
2025-01-01,2025-Q1,Early,DFM,105.2,106.25567896723554,2024-10-01,20,False,False,20,2,2025-01-31T00:00:00,full_ar1,1.003497117144046,1.0556789672355364,1.1144580818634888,-1.0556789672355364,102.2460812634051,110.26527667106598,98.22903748862754,114.28232044584354
2025-04-01,2025-Q2,Early,DFM,106.4,105.32960206828704,2025-01-01,20,False,True,20,2,2025-04-30T00:00:00,full_ar1,1.0060130937151885,1.0703979317129608,1.1457517322153843,1.0703979317129608,101.45409505710126,109.20510907947283,97.3950719514734,113.26413218510069
2025-07-01,2025-Q3,Early,DFM,106.2,107.90697308401653,2025-04-01,20,False,True,20,2,2025-07-31T00:00:00,full_ar1,1.6073192881511533,1.706973084016525,2.913757109556886,-1.706973084016525,104.06601371548808,111.74793245254497,100.06455432899722,115.74939183903584
2025-10-01,2025-Q4,Early,DFM,109.8,109.63646784542192,2025-07-01,20,False,True,20,2,2025-10-31T00:00:00,full_ar1,0.1489363885046251,0.16353215457807835,0.02674276558094851,0.16353215457807835,105.83005611955083,113.442879571293,101.88616045219695,117.38677523864689
2026-01-01,2026-Q1,Early,DFM,107.1,112.63692663930148,2025-10-01,20,False,True,20,2,2026-01-31T00:00:00,full_ar1,5.16986614313864,5.536926639301484,30.657556609006427,-5.536926639301484,108.95045605939653,116.32339721920643,104.97873060787086,120.2951226707321
2011-01-01,2011-Q1,Late,DFM,101.9,110.34288925294189,2010-10-01,11,False,True,11,2,2011-03-31T00:00:00,full_ar1,8.28546541014905,8.442889252941882,71.28237893744152,-8.442889252941882,,,,
2011-04-01,2011-Q2,Late,DFM,103.1,107.56056502788815,2011-01-01,13,False,True,13,2,2011-06-30T00:00:00,full_ar1,4.326445225885696,4.460565027888151,19.896640368018822,-4.460565027888151,,,,
2011-07-01,2011-Q3,Late,DFM,106.7,106.61261509001487,2011-04-01,13,False,True,13,2,2011-09-30T00:00:00,full_ar1,0.08189776006104284,0.08738490998513271,0.007636122493109746,0.08738490998513271,,,,
2011-10-01,2011-Q4,Late,DFM,105.2,108.06815142227809,2011-07-01,13,False,True,13,2,2011-12-31T00:00:00,full_ar1,2.7263796789715675,2.868151422278089,8.226292581115825,-2.868151422278089,,,,
2012-01-01,2012-Q1,Late,DFM,105.2,106.66913351785914,2011-10-01,13,False,True,13,2,2012-03-31T00:00:00,full_ar1,1.3965147508166678,1.4691335178591345,2.158353293297156,-1.4691335178591345,,,,
2012-04-01,2012-Q2,Late,DFM,107.2,108.1612040523379,2012-01-01,13,False,True,13,2,2012-06-30T00:00:00,full_ar1,0.8966455712107191,0.9612040523378909,0.9239132302307829,-0.9612040523378909,,,,
2012-07-01,2012-Q3,Late,DFM,109.1,108.763453639718,2012-04-01,13,False,True,13,2,2012-09-30T00:00:00,full_ar1,0.30847512399816684,0.336546360282,0.11326345261906176,0.336546360282,,,,
2012-10-01,2012-Q4,Late,DFM,106.3,109.99920741534989,2012-07-01,13,False,True,13,2,2012-12-31T00:00:00,full_ar1,3.479969346519181,3.699207415349889,13.684135501779606,-3.699207415349889,,,,
2013-01-01,2013-Q1,Late,DFM,107.3,107.97119749267138,2012-10-01,13,False,True,13,2,2013-03-31T00:00:00,full_ar1,0.6255335439621456,0.6711974926713822,0.45050607416835015,-0.6711974926713822,105.80255502260277,110.13983996273998,102.31593519726711,113.62645978807565
2013-04-01,2013-Q2,Late,DFM,100.9,109.42381447459006,2013-01-01,13,False,True,13,2,2013-06-30T00:00:00,full_ar1,8.447784414856347,8.523814474590054,72.65541319723093,-8.523814474590054,107.95468095673093,110.8929479924492,104.16678460169116,114.68084434748896
2013-07-01,2013-Q3,Late,DFM,101.7,104.81218184991246,2013-04-01,13,False,True,13,2,2013-09-30T00:00:00,full_ar1,3.060159144456696,3.11218184991246,9.685675866924543,-3.11218184991246,102.64353937984384,106.98082431998108,96.36120007480577,113.26316362501916
2013-10-01,2013-Q4,Late,DFM,105.1,107.59176643513005,2013-07-01,13,False,True,13,2,2013-12-31T00:00:00,full_ar1,2.3708529354234638,2.49176643513006,6.208899967240768,-2.49176643513006,104.72361501285197,110.45991785740814,99.14887718218817,116.03465568807194
2014-01-01,2014-Q1,Late,DFM,103.0,108.08549468285791,2013-10-01,13,False,True,13,2,2014-03-31T00:00:00,full_ar1,4.9373734785028285,5.085494682857913,25.862256169376106,-5.085494682857913,105.40553575415385,110.76545361156198,100.0408378524214,116.13015151329442
2014-04-01,2014-Q2,Late,DFM,102.1,106.0535424071638,2014-01-01,18,False,True,18,2,2014-06-30T00:00:00,full_ar1,3.8722256681330154,3.953542407163809,15.630497565242605,-3.953542407163809,103.18539098488571,108.92169382944189,98.28213206823871,113.8249527460889
2014-07-01,2014-Q3,Late,DFM,105.4,106.32712305426043,2014-04-01,18,False,True,18,2,2014-09-30T00:00:00,full_ar1,0.8796233911389185,0.9271230542604201,0.8595571577411698,-0.9271230542604201,103.33695641816516,109.3172896903557,98.89145217234373,113.76279393617712
2014-10-01,2014-Q4,Late,DFM,103.4,108.5244450796135,2014-07-01,18,False,True,18,2,2014-12-31T00:00:00,full_ar1,4.955943017034327,5.124445079613494,26.25993737397495,-5.124445079613494,105.65629365733541,111.39259650189159,101.42451365470521,115.62437650452179
2015-01-01,2015-Q1,Late,DFM,103.4,106.55314513712192,2014-10-01,18,False,True,18,2,2015-03-31T00:00:00,full_ar1,3.049463382129507,3.1531451371219106,9.942324255755553,-3.1531451371219106,103.56297850102663,109.5433117732172,99.76947797084424,113.3368123033996
2015-04-01,2015-Q2,Late,DFM,104.5,106.82396776396908,2015-01-01,18,False,True,18,2,2015-06-30T00:00:00,full_ar1,2.223892597099598,2.3239677639690797,5.400826167967444,-2.3239677639690797,103.71178591405662,109.93614961388154,100.37214501502423,113.27579051291393
2015-07-01,2015-Q3,Late,DFM,104.3,109.25394894900629,2015-04-01,18,False,True,18,2,2015-09-30T00:00:00,full_ar1,4.749711360504592,4.953948949006289,24.541610189360515,-4.953948949006289,106.26378231291102,112.24411558510155,103.13397061739427,115.3739272806183
2015-10-01,2015-Q4,Late,DFM,101.3,108.92128963535296,2015-07-01,18,False,True,18,2,2015-12-31T00:00:00,full_ar1,7.523484338946659,7.621289635352966,58.08405570593854,-7.621289635352966,105.8091077854405,112.03347148526542,103.13315572107379,114.70942354963213
2016-01-01,2016-Q1,Late,DFM,104.3656295,106.61975887541544,2015-10-01,18,False,True,18,2,2016-03-31T00:00:00,full_ar1,2.1598388149572223,2.2541293754154452,5.081099241110826,-2.2541293754154452,103.48709538189826,109.75242236893263,98.91630927830359,114.3232084725273
2016-04-01,2016-Q2,Late,DFM,102.3970751,109.44654022172344,2016-01-01,20,False,True,20,2,2016-06-30T00:00:00,full_ar1,6.884439926471536,7.049465121723443,49.69495850239532,-7.049465121723443,106.33435837181098,112.5587220716359,101.82525058637047,117.0678298570764
2016-07-01,2016-Q3,Late,DFM,97.44441504,106.83794806402814,2016-04-01,20,False,True,20,2,2016-09-30T00:00:00,full_ar1,9.639888566391608,9.393533024028144,88.23846267350734,-9.393533024028144,103.70528457051095,109.97061155754533,99.27384088003812,114.40205524801816
2016-10-01,2016-Q4,Late,DFM,98.9769688,105.01329503494831,2016-07-01,20,True,True,20,2,2016-12-31T00:00:00,full_ar1,6.098718023124911,6.036326234948319,36.43723441472535,-6.036326234948319,101.8601498978264,108.16644017207022,96.73472570552421,113.29186436437242
2017-01-01,2017-Q1,Late,DFM,107.2593067,106.67754062735848,2016-10-01,20,True,True,20,2,2017-03-31T00:00:00,full_ar1,0.5423921620794088,0.5817660726415141,0.3384517632767315,0.5817660726415141,103.25136435112259,110.10371690359437,98.48113125969327,114.8739499950237
2017-04-01,2017-Q2,Late,DFM,106.7242348,110.07470870898001,2017-01-01,20,False,True,20,2,2017-06-30T00:00:00,full_ar1,3.139374965075886,3.350473908980007,11.225675414755766,-3.350473908980007,106.9215635718581,113.22785384610192,101.96045930307369,118.18895811488633
2017-07-01,2017-Q3,Late,DFM,104.4771836,109.52458359292406,2017-04-01,20,False,True,20,2,2017-09-30T00:00:00,full_ar1,4.831102657062873,5.047399992924056,25.476246688569763,-5.047399992924056,106.2727740698731,112.77639311597503,101.49249414877664,117.55667303707148
2017-10-01,2017-Q4,Late,DFM,111.4066408,109.04230369686134,2017-07-01,20,False,True,20,2,2017-12-31T00:00:00,full_ar1,2.122258678801009,2.3643371031386664,5.590089937278141,2.3643371031386664,105.69182978788133,112.39277760584135,101.09237421447281,116.99223317924987
2018-01-01,2018-Q1,Late,DFM,109.889962,112.89879835372446,2017-10-01,20,False,True,20,2,2018-03-31T00:00:00,full_ar1,2.7380447667499075,3.008836353724462,9.053096203493915,-3.008836353724462,109.64698883067351,116.15060787677541,105.03102883309482,120.7665678743541
2018-04-01,2018-Q2,Late,DFM,107.363836,109.75881645292525,2018-01-01,20,True,True,20,2,2018-06-30T00:00:00,full_ar1,2.230714309542031,2.394980452925239,5.735931369893983,-2.394980452925239,106.60567131580333,112.91196159004716,101.9732068940545,117.54442601179599
2018-07-01,2018-Q3,Late,DFM,102.8003833,108.65001805618338,2018-04-01,20,False,True,20,2,2018-09-30T00:00:00,full_ar1,5.690284966265677,5.8496347561833915,34.21822678074872,-5.8496347561833915,105.5173545626662,111.78268154970057,100.94656845907153,116.35346765329524
2018-10-01,2018-Q4,Late,DFM,103.2621811,105.43852337647094,2018-07-01,20,False,True,20,2,2018-12-31T00:00:00,full_ar1,2.107588909402702,2.1763422764709333,4.736465704354684,-2.1763422764709333,102.28537823934903,108.59166851359285,97.81723374111797,113.0598130118239
2019-01-01,2019-Q1,Late,DFM,107.6022335,108.65174053262479,2018-10-01,20,False,True,20,2,2019-03-31T00:00:00,full_ar1,0.9753580371775353,1.0495070326247884,1.1014650115288886,-1.0495070326247884,105.5190770391076,111.78440402614197,101.08763334863477,116.2158477166148
2019-04-01,2019-Q2,Late,DFM,107.0503506,108.26253306810467,2019-01-01,20,False,True,20,2,2019-06-30T00:00:00,full_ar1,1.1323479664574512,1.2121824681046718,1.4693863359803336,-1.2121824681046718,105.15035121819221,111.37471491801713,100.75560833547762,115.76945780073173
2019-07-01,2019-Q3,Late,DFM,108.1383799,108.13319086684041,2019-04-01,20,False,True,20,2,2019-09-30T00:00:00,full_ar1,0.004798512021720814,0.005189033159595624,2.6926065131382946e-05,0.005189033159595624,105.07268176502194,111.19369996865888,100.6834485855763,115.58293314810452
2019-10-01,2019-Q4,Late,DFM,107.5823136,110.13377884315862,2019-07-01,20,True,True,20,2,2019-12-31T00:00:00,full_ar1,2.3716400566037064,2.551465243158617,6.509974887046461,-2.551465243158617,107.12494248943416,113.14261519688309,102.74121901325746,117.52633867305978
2020-01-01,2020-Q1,Late,DFM,102.9803835,106.60684178690668,2019-10-01,20,True,True,20,2,2020-03-31T00:00:00,full_ar1,3.5215039638172283,3.626458286906683,13.151199706674152,-3.626458286906683,103.66834789890541,109.54533567490796,99.27146440836847,113.9422191654449
2020-04-01,2020-Q2,Late,DFM,88.33937832,103.76393528261993,2020-01-01,20,True,True,20,2,2020-06-30T00:00:00,full_ar1,17.46056770599643,15.424556962619931,237.916957493107,-15.424556962619931,100.75509892889546,106.77277163634439,96.48574035544468,111.04213020979518
2020-07-01,2020-Q3,Late,DFM,91.6496591,100.92885715850979,2020-04-01,20,True,True,20,2,2020-09-30T00:00:00,full_ar1,10.124640014629135,9.279198058509792,86.1035166090519,-9.279198058509792,97.86834805669133,103.98936626032824,93.06108763788014,108.79662667913944
2020-10-01,2020-Q4,Late,DFM,91.09830627,104.56211413271103,2020-07-01,20,True,True,20,2,2020-12-31T00:00:00,full_ar1,14.779427207797458,13.463807862711036,181.27412216399952,-13.463807862711036,101.44993228279857,107.67429598262349,96.10303983543952,113.02118842998254
2021-01-01,2021-Q1,Late,DFM,98.44935719,99.6454018582196,2020-10-01,20,True,True,20,2,2021-03-31T00:00:00,full_ar1,1.2148831666938376,1.1960446682195993,1.4305228483765313,-1.1960446682195993,96.51273836470241,102.77806535173679,91.04604902523756,108.24475469120163
2021-04-01,2021-Q2,Late,DFM,109.0651338,113.88750062114312,2021-01-01,20,True,True,20,2,2021-06-30T00:00:00,full_ar1,4.42154761391135,4.82236682114312,23.255221757662003,-4.82236682114312,110.77531877123066,116.99968247105558,105.36368614655306,122.41131509573317
2021-07-01,2021-Q3,Late,DFM,102.3115688,109.3966726812519,2021-04-01,20,True,True,20,2,2021-09-30T00:00:00,full_ar1,6.925027115068434,7.0851038812518965,50.19869700813069,-7.0851038812518965,106.26400918773471,112.52933617476909,100.88095072882666,117.91239463367714
2021-10-01,2021-Q4,Late,DFM,111.5612031,108.37383833291908,2021-07-01,20,False,True,20,2,2021-12-31T00:00:00,full_ar1,2.8570548528630217,3.187364767080922,10.15929415842882,3.187364767080922,105.22069319579717,111.52698347004099,99.86620890265866,116.8814677631795
2022-01-01,2022-Q1,Late,DFM,109.0950249,113.87819685795513,2021-10-01,20,True,True,20,2,2022-03-31T00:00:00,full_ar1,4.384408878717927,4.783171957955133,22.87873397936834,-4.783171957955133,110.70794190585372,117.04845181005655,105.37865994985953,122.37773376605074
2022-04-01,2022-Q2,Late,DFM,112.9182569,110.73307547883891,2022-01-01,20,True,True,20,2,2022-06-30T00:00:00,full_ar1,1.9351887649986295,2.18518142116109,4.775017843387602,2.18518142116109,107.54571071175799,113.92044024591983,102.24163109290812,119.2245198647697
2022-07-01,2022-Q3,Late,DFM,114.5620935,124.95812224684576,2022-04-01,20,True,True,20,2,2022-09-30T00:00:00,full_ar1,9.074579932362843,10.396028746845758,108.07741370524339,-10.396028746845758,121.78786729474434,128.1283771989472,116.4747703830798,133.44147411061172
2022-10-01,2022-Q4,Late,DFM,112.7058759,118.98917592760401,2022-07-01,20,True,True,20,2,2022-12-31T00:00:00,full_ar1,5.574953370824222,6.283300027604014,39.4798592368886,-6.283300027604014,115.80181116052309,122.17654069468493,110.16320801944606,127.81514383576196
2023-01-01,2023-Q1,Late,DFM,112.4528911,113.19674743333583,2022-10-01,20,True,True,20,2,2023-03-31T00:00:00,full_ar1,0.6614826226871703,0.7438563333358275,0.5533222446438216,-0.7438563333358275,109.92782809530536,116.4656667713663,104.44631788356985,121.94717698310181
2023-04-01,2023-Q2,Late,DFM,109.634644,115.42516534476056,2023-01-01,20,True,True,20,2,2023-06-30T00:00:00,full_ar1,5.281652891362117,5.790521344760563,33.53013744412768,-5.790521344760563,112.23780057767964,118.61253011184148,106.75027415338656,124.10005653613456
2023-07-01,2023-Q3,Late,DFM,107.1678697,111.93146366816255,2023-04-01,20,True,True,20,2,2023-09-30T00:00:00,full_ar1,4.44498335321725,4.763593968162553,22.69182749351466,-4.763593968162553,108.66254433013208,115.20038300619302,103.33211083518052,120.53081650114459
2023-10-01,2023-Q4,Late,DFM,106.2164486,108.4772896153359,2023-07-01,20,True,True,20,2,2023-12-31T00:00:00,full_ar1,2.128522507704987,2.260841015335899,5.111402096625058,-2.260841015335899,105.1268157063559,111.82776352431591,99.95347514074585,117.00110408992596
2024-01-01,2024-Q1,Late,DFM,107.1173573,109.50676826190343,2023-10-01,20,True,True,20,2,2024-03-31T00:00:00,full_ar1,2.23064778867863,2.3894109619034367,5.7092847448643065,-2.3894109619034367,106.23784892387297,112.77568759993389,100.9910463094782,118.02249021432867
2024-04-01,2024-Q2,Late,DFM,107.0071111,111.22510243900412,2024-01-01,20,False,True,20,2,2024-06-30T00:00:00,full_ar1,3.9417860136999017,4.217991339004115,17.791450935913726,-4.217991339004115,108.0377376719232,114.41246720608504,102.7174730087437,119.73273186926454
2024-07-01,2024-Q3,Late,DFM,106.2613339,107.5041921839371,2024-04-01,20,False,True,20,2,2024-09-30T00:00:00,full_ar1,1.1696242069638751,1.2428582839371103,1.5446967139510988,-1.2428582839371103,104.23527284590665,110.77311152196756,99.0046552758415,116.00372909203271
2024-10-01,2024-Q4,Late,DFM,103.7956531,106.28090259115449,2024-07-01,20,True,False,20,2,2024-12-31T00:00:00,full_ar1,2.394367603005613,2.485249491154491,6.176465033283656,-2.485249491154491,103.09353782407356,109.46826735823541,97.7894582052237,114.77234697708528
2025-01-01,2025-Q1,Late,DFM,105.2,106.07650683075478,2024-10-01,20,False,True,20,2,2025-03-31T00:00:00,full_ar1,0.8331813980558724,0.8765068307547779,0.7682642243597848,-0.8765068307547779,102.90625187865336,109.2467617828562,97.5931549669888,114.55985869452076
2025-04-01,2025-Q2,Late,DFM,106.4,106.41029558728131,2025-01-01,20,False,True,20,2,2025-06-30T00:00:00,full_ar1,0.009676303835813468,0.01029558728130553,0.00010599911746698018,-0.01029558728130553,103.2571504501594,109.56344072440322,97.93503624568017,114.88555492888246
2025-07-01,2025-Q3,Late,DFM,106.2,108.22388819260071,2025-04-01,20,True,True,20,2,2025-09-30T00:00:00,full_ar1,1.9057327613942638,2.023888192600708,4.096123416148561,-2.023888192600708,105.09122469908353,111.3565516861179,99.75672137316438,116.69105501203704
2025-10-01,2025-Q4,Late,DFM,109.8,109.62045425616999,2025-07-01,20,False,True,20,2,2025-12-31T00:00:00,full_ar1,0.1635207138706783,0.17954574383000477,0.032236674127469694,0.17954574383000477,106.50827240625753,112.73263610608245,101.16137995889848,118.0795285534415
2026-01-01,2026-Q1,Late,DFM,107.1,110.08241967929878,2025-10-01,20,True,True,20,2,2026-03-31T00:00:00,full_ar1,2.784705582912032,2.9824196792987863,8.894827143468675,-2.9824196792987863,107.02191057748033,113.14292878111723,101.63143790419208,118.53340145440548
2011-01-01,2011-Q1,Mid,DFM,101.9,110.8932896204536,2010-10-01,11,False,True,11,2,2011-02-28T00:00:00,full_ar1,8.825603160405883,8.993289620453595,80.87925819735837,-8.993289620453595,,,,
2011-04-01,2011-Q2,Mid,DFM,103.1,107.4670022129054,2011-01-01,11,False,True,11,2,2011-05-31T00:00:00,full_ar1,4.235695647822895,4.367002212905405,19.070708327520702,-4.367002212905405,,,,
2011-07-01,2011-Q3,Mid,DFM,106.7,106.53610841564038,2011-04-01,13,False,True,13,2,2011-08-31T00:00:00,full_ar1,0.1536003602245717,0.16389158435961804,0.026860451423905796,0.16389158435961804,,,,
2011-10-01,2011-Q4,Mid,DFM,105.2,107.16519581779387,2011-07-01,13,False,True,13,2,2011-11-30T00:00:00,full_ar1,1.8680568610207886,1.9651958177938695,3.8619946022745157,-1.9651958177938695,,,,
2012-01-01,2012-Q1,Mid,DFM,105.2,107.96386734908306,2011-10-01,13,False,True,13,2,2012-02-29T00:00:00,full_ar1,2.6272503318280007,2.763867349083057,7.6389627233274044,-2.763867349083057,,,,
2012-04-01,2012-Q2,Mid,DFM,107.2,108.94792142134818,2012-01-01,13,False,True,13,2,2012-05-31T00:00:00,full_ar1,1.6305237139441986,1.747921421348181,3.0552292952078455,-1.747921421348181,,,,
2012-07-01,2012-Q3,Mid,DFM,109.1,109.20579146863845,2012-04-01,13,False,True,13,2,2012-08-31T00:00:00,full_ar1,0.09696743229922804,0.10579146863845779,0.011191834836681798,-0.10579146863845779,,,,
2012-10-01,2012-Q4,Mid,DFM,106.3,109.65683799020061,2012-07-01,13,False,True,13,2,2012-11-30T00:00:00,full_ar1,3.1578908656637985,3.356837990200617,11.268361292454118,-3.356837990200617,,,,
2013-01-01,2013-Q1,Mid,DFM,107.3,107.85154867450231,2012-10-01,13,False,True,13,2,2013-02-28T00:00:00,full_ar1,0.5140248597412059,0.5515486745023139,0.30420594034525944,-0.5515486745023139,105.48701709106385,110.21608025794077,102.09666023933245,113.60643710967217
2013-04-01,2013-Q2,Mid,DFM,100.9,109.82847972192458,2013-01-01,13,False,True,13,2,2013-05-31T00:00:00,full_ar1,8.848840160480252,8.928479721924575,79.71775014481832,-8.928479721924575,107.86328390413071,111.79367553971845,104.53622002750954,115.12073941633962
2013-07-01,2013-Q3,Mid,DFM,101.7,104.51878148163586,2013-04-01,13,False,True,13,2,2013-08-31T00:00:00,full_ar1,2.771663207114899,2.8187814816358525,7.945529041213212,-2.8187814816358525,102.15424989819739,106.88331306507432,95.58382076985838,113.45374219341333
2013-10-01,2013-Q4,Mid,DFM,105.1,107.0261598884344,2013-07-01,13,False,True,13,2,2013-11-30T00:00:00,full_ar1,1.832692567492305,1.9261598884344124,3.7100919158136683,-1.9261598884344124,104.26229253935135,109.79002723751746,98.09768016650983,115.95463961035898
2014-01-01,2014-Q1,Mid,DFM,103.0,109.01822141489042,2013-10-01,13,True,True,13,2,2014-02-28T00:00:00,full_ar1,5.84293341251497,6.018221414890419,36.21898899864564,-6.018221414890419,106.65368983145196,111.38275299832888,100.54588944386776,117.49055338591307
2014-04-01,2014-Q2,Mid,DFM,102.1,105.9401426450463,2014-01-01,13,False,True,13,2,2014-05-31T00:00:00,full_ar1,3.761158320319588,3.840142645046299,14.746695534303187,-3.840142645046299,103.17627529596324,108.70400999412935,97.59371458452856,114.28657070556403
2014-07-01,2014-Q3,Mid,DFM,105.4,106.25180440753965,2014-04-01,18,False,True,18,2,2014-08-31T00:00:00,full_ar1,0.8081635745157932,0.851804407539646,0.7255707487039674,-0.851804407539646,103.4604799921802,109.0431288228991,98.19640217772532,114.30720663735399
2014-10-01,2014-Q4,Mid,DFM,103.4,108.61983823481977,2014-07-01,18,False,True,18,2,2014-11-30T00:00:00,full_ar1,5.048199453404024,5.219838234819761,27.24671119768628,-5.219838234819761,105.85597088573671,111.38370558390282,100.85546183570885,116.38421463393068
2015-01-01,2015-Q1,Mid,DFM,103.4,107.08375525473721,2014-10-01,18,False,True,18,2,2015-02-28T00:00:00,full_ar1,3.5626259716994264,3.683755254737207,13.570052776803985,-3.683755254737207,104.29243083937776,109.87507967009667,99.61040468632972,114.55710582314471
2015-04-01,2015-Q2,Mid,DFM,104.5,106.83448108868157,2015-01-01,18,False,True,18,2,2015-05-31T00:00:00,full_ar1,2.233953194910594,2.334481088681571,5.4498019534118916,-2.334481088681571,104.01569960704572,109.65326257031742,99.65215635097749,114.01680582638565
2015-07-01,2015-Q3,Mid,DFM,104.3,109.30813329273816,2015-04-01,18,False,True,18,2,2015-08-31T00:00:00,full_ar1,4.80166183388127,5.008133292738165,25.081399077832415,-5.008133292738165,106.51680887737871,112.09945770809762,102.41683438573749,116.19943219973884
2015-10-01,2015-Q4,Mid,DFM,101.3,109.15113939820378,2015-07-01,18,False,True,18,2,2015-11-30T00:00:00,full_ar1,7.750384400990903,7.8511393982037845,61.64038985002768,-7.8511393982037845,106.33235791656793,111.96992087983963,102.55086632190654,115.75141247450102
2016-01-01,2016-Q1,Mid,DFM,104.3656295,107.14108954784517,2015-10-01,18,False,True,18,2,2016-02-29T00:00:00,full_ar1,2.659362149341678,2.775460047845172,7.703178477184725,-2.775460047845172,104.05327981192693,110.22889928376341,99.1822161172693,115.09996297842103
2016-04-01,2016-Q2,Mid,DFM,102.3970751,109.97947891315442,2016-01-01,18,False,True,18,2,2016-05-31T00:00:00,full_ar1,7.404902733549299,7.5824038131544285,57.492847585738815,-7.5824038131544285,107.16069743151857,112.79826039479028,102.12833951495064,117.83061831135821
2016-07-01,2016-Q3,Mid,DFM,97.44441504,106.91709156203072,2016-04-01,20,False,True,20,2,2016-08-31T00:00:00,full_ar1,9.721107688051985,9.472676522030724,89.7316004910321,-9.472676522030724,103.82928182611249,110.00490129794895,99.09282572233187,114.74135740172957
2016-10-01,2016-Q4,Mid,DFM,98.9769688,104.87948978687712,2016-07-01,20,False,True,20,2,2016-11-30T00:00:00,full_ar1,5.963529756911612,5.902520986877121,34.83975400052487,-5.902520986877121,101.5226517966765,108.23632777707773,96.1664781296967,113.59250144405753
2017-01-01,2017-Q1,Mid,DFM,107.2593067,106.35773698153818,2016-10-01,20,True,True,20,2,2017-02-28T00:00:00,full_ar1,0.8405515066244734,0.9015697184618148,0.8128279572473159,0.9015697184618148,102.83744035906926,109.8780336040071,97.75245935672984,114.96301460634652
2017-04-01,2017-Q2,Mid,DFM,106.7242348,110.50419642437609,2017-01-01,20,False,True,20,2,2017-05-31T00:00:00,full_ar1,3.5418025076119686,3.779961624376085,14.288109881755892,-3.779961624376085,107.14735843417547,113.86103441457671,102.00665283193983,119.00174001681235
2017-07-01,2017-Q3,Mid,DFM,104.4771836,109.69273095029536,2017-04-01,20,False,True,20,2,2017-08-31T00:00:00,full_ar1,4.992044358951644,5.215547350295353,27.201934163172876,-5.215547350295353,106.17243432782644,113.21302757276428,101.30292139023118,118.08254051035954
2017-10-01,2017-Q4,Mid,DFM,111.4066408,110.50437297580842,2017-07-01,20,False,True,20,2,2017-11-30T00:00:00,full_ar1,0.8098869310774359,0.9022678241915827,0.8140872265714127,0.9022678241915827,106.82061772107122,114.18812823054563,102.22229744811632,118.78644850350052
2018-01-01,2018-Q1,Mid,DFM,109.889962,113.70003772684463,2017-10-01,20,False,True,20,2,2018-02-28T00:00:00,full_ar1,3.467173577550814,3.81007572684463,14.516677044290637,-3.81007572684463,110.17974110437572,117.22033434931353,105.5256962315246,121.87437922216465
2018-04-01,2018-Q2,Mid,DFM,107.363836,109.9230566578254,2018-01-01,20,True,True,20,2,2018-05-31T00:00:00,full_ar1,2.383689660478778,2.559220657825392,6.549610375440233,-2.559220657825392,106.23930140308819,113.6068119125626,101.85644919487746,117.98966412077334
2018-07-01,2018-Q3,Mid,DFM,102.8003833,107.98120375278637,2018-04-01,20,False,True,20,2,2018-08-31T00:00:00,full_ar1,5.039689820676357,5.180820452786378,26.84090056400965,-5.180820452786378,104.46090713031745,111.50150037525529,100.02233032221051,115.94007718336223
2018-10-01,2018-Q4,Mid,DFM,103.2621811,105.40963662873939,2018-07-01,20,False,True,20,2,2018-11-30T00:00:00,full_ar1,2.079614730062471,2.1474555287393855,4.6115652479133535,-2.1474555287393855,101.72588137400218,109.0933918834766,97.55849723053561,113.26077602694318
2019-01-01,2019-Q1,Mid,DFM,107.6022335,108.2268079120205,2018-10-01,20,False,True,20,2,2019-02-28T00:00:00,full_ar1,0.5804474421253601,0.6245744120205075,0.3900931961507626,-0.6245744120205075,104.7065112895516,111.74710453448941,100.40254207232165,116.05107375171936
2019-04-01,2019-Q2,Mid,DFM,107.0503506,108.64745601475929,2019-01-01,20,False,True,20,2,2019-05-31T00:00:00,full_ar1,1.4919198356733676,1.5971054147592838,2.5507457058534238,-1.5971054147592838,105.29061802455867,112.0042940049599,100.85006373356538,116.4448482959532
2019-07-01,2019-Q3,Mid,DFM,108.1383799,107.01946829091656,2019-04-01,20,False,True,20,2,2019-08-31T00:00:00,full_ar1,1.0347035068568105,1.1189116090834403,1.2519631889416936,1.1189116090834403,103.93165855499834,110.10727802683479,99.24894956822759,114.78998701360554
2019-10-01,2019-Q4,Mid,DFM,107.5823136,109.65307147347491,2019-07-01,20,True,True,20,2,2019-11-30T00:00:00,full_ar1,1.9248125497413577,2.0707578734749035,4.288038170558305,-2.0707578734749035,106.83428999183906,112.47185295511076,101.90942630929086,117.39671663765895
2020-01-01,2020-Q1,Mid,DFM,102.9803835,109.34019825296762,2019-10-01,20,True,True,20,2,2020-02-29T00:00:00,full_ar1,6.1757536113347475,6.3598147529676226,40.447243692064625,-6.3598147529676226,106.54307748822711,112.13731901770814,101.62342664728851,117.05696985864674
2020-04-01,2020-Q2,Mid,DFM,88.33937832,113.74153895619227,2020-01-01,20,True,False,20,2,2020-05-31T00:00:00,full_ar1,28.75519515676877,25.402160636192278,645.2697649869165,-25.402160636192278,110.92275747455642,116.56032043782812,106.0516409090181,121.43143700336644
2020-07-01,2020-Q3,Mid,DFM,91.6496591,100.9612044689401,2020-04-01,20,True,True,20,2,2020-08-31T00:00:00,full_ar1,10.159934538087228,9.311545368940102,86.70487715782987,-9.311545368940102,97.87339473302185,104.04901420485834,92.78686297362007,109.13554596426012
2020-10-01,2020-Q4,Mid,DFM,91.09830627,104.33863065880871,2020-07-01,20,True,True,20,2,2020-11-30T00:00:00,full_ar1,14.534105990474325,13.240324388808716,175.3061899208829,-13.240324388808716,100.9817926686081,107.69546864900933,95.39718895717833,113.28007236043909
2021-01-01,2021-Q1,Mid,DFM,98.44935719,104.47844404250971,2020-10-01,20,True,True,20,2,2021-02-28T00:00:00,full_ar1,6.124048977662712,6.029086852509707,36.3498882751054,-6.029086852509707,100.9581474200408,107.99874066497861,95.45332884720746,113.50355923781196
2021-04-01,2021-Q2,Mid,DFM,109.0651338,122.80675654407206,2021-01-01,20,True,True,20,2,2021-05-31T00:00:00,full_ar1,12.599464434959561,13.74162274407206,188.83219564039854,-13.74162274407206,119.12300128933485,126.49051179880927,113.81346692361846,131.80004616452567
2021-07-01,2021-Q3,Mid,DFM,102.3115688,110.19497273103745,2021-04-01,20,True,True,20,2,2021-08-31T00:00:00,full_ar1,7.705290832210804,7.883403931037449,62.14805753989671,-7.883403931037449,106.4631142914808,113.9268311705941,100.915252936946,119.4746925251289
2021-10-01,2021-Q4,Mid,DFM,111.5612031,103.7616924835331,2021-07-01,20,False,True,20,2,2021-11-30T00:00:00,full_ar1,6.991239247819571,7.799510616466904,60.832365856379944,7.799510616466904,99.98173085915701,107.54165410790918,94.5137982642903,113.00958670277589
2022-01-01,2022-Q1,Mid,DFM,109.0950249,118.31790429486894,2021-10-01,20,True,True,20,2,2022-02-28T00:00:00,full_ar1,8.453987157822208,9.22287939486894,85.06150433229807,-9.22287939486894,114.52288561925857,122.1129229704793,109.10183565047478,127.5339729392631
2022-04-01,2022-Q2,Mid,DFM,112.9182569,110.54621600212872,2022-01-01,20,True,True,20,2,2022-05-31T00:00:00,full_ar1,2.100670841892253,2.372040897871287,5.62657802117402,2.372040897871287,106.73614027528409,114.35629172897335,101.27013702281708,119.82229498144035
2022-07-01,2022-Q3,Mid,DFM,114.5620935,125.42797570819224,2022-04-01,20,True,True,20,2,2022-08-31T00:00:00,full_ar1,9.4847098863397,10.865882208192232,118.0673961623085,-10.865882208192232,121.63295703258188,129.2229943838026,116.16076332628771,134.69518809009676
2022-10-01,2022-Q4,Mid,DFM,112.7058759,121.6112346660018,2022-07-01,20,True,True,20,2,2022-11-30T00:00:00,full_ar1,7.901414806361318,8.905358766001811,79.30541475120529,-8.905358766001811,117.80115893915718,125.42131039284644,112.23523683582546,130.98723249617817
2023-01-01,2023-Q1,Mid,DFM,112.4528911,116.58682184155215,2022-10-01,20,True,True,20,2,2023-02-28T00:00:00,full_ar1,3.676144473578722,4.133930741552149,17.0893833759499,-4.133930741552149,112.76171265560669,120.41193102749762,107.22693712668486,125.94670655641944
2023-04-01,2023-Q2,Mid,DFM,109.634644,115.29863107612191,2023-01-01,20,True,True,20,2,2023-05-31T00:00:00,full_ar1,5.166238398258413,5.663987076121913,32.080749598476054,-5.663987076121913,111.45848843107561,119.1387737211682,105.95485947656368,124.64240267568013
2023-07-01,2023-Q3,Mid,DFM,107.1678697,110.2244749274381,2023-04-01,20,True,True,20,2,2023-08-31T00:00:00,full_ar1,2.85216570600367,3.056605227438098,9.342835516401907,-3.056605227438098,106.23743823413886,114.21151162073733,100.89681644318892,119.55213341168727
2023-10-01,2023-Q4,Mid,DFM,106.2164486,110.30888447121204,2023-07-01,20,True,True,20,2,2023-11-30T00:00:00,full_ar1,3.85292101661553,4.092435871212032,16.748031359982985,-4.092435871212032,106.46874182616574,114.14902711625834,100.99733910227194,119.62042984015214
2024-01-01,2024-Q1,Mid,DFM,107.1173573,112.76275613759857,2023-10-01,20,True,True,20,2,2024-02-29T00:00:00,full_ar1,5.270293237152685,5.645398837598577,31.870528035559367,-5.645398837598577,108.7964668794694,116.72904539572774,103.46007736606559,122.06543490913155
2024-04-01,2024-Q2,Mid,DFM,107.0071111,112.3821521831292,2024-01-01,20,False,True,20,2,2024-05-31T00:00:00,full_ar1,5.023069053893177,5.37504108312919,28.891066645326617,-5.37504108312919,108.28971631191716,116.47458805434123,103.08834000900332,121.67596435725507
2024-07-01,2024-Q3,Mid,DFM,106.2613339,106.97854247418205,2024-04-01,20,True,True,20,2,2024-08-31T00:00:00,full_ar1,0.6749478364886707,0.7172085741820524,0.5143881388802526,-0.7172085741820524,102.86535916779997,111.09172578056413,97.6935968974633,116.2634880509008
2024-10-01,2024-Q4,Mid,DFM,103.7956531,107.13027306640996,2024-07-01,20,True,True,20,2,2024-11-30T00:00:00,full_ar1,3.2126778596376115,3.33461996640996,11.119690320379963,-3.33461996640996,103.03783719519792,111.22270893762199,97.85419408709832,116.40635204572159
2025-01-01,2025-Q1,Mid,DFM,105.2,108.66785388357955,2024-10-01,20,False,True,20,2,2025-02-28T00:00:00,full_ar1,3.2964390528322722,3.4678538835795507,12.026010557857772,-3.4678538835795507,104.70156462545039,112.63414314170872,99.40064150167504,117.93506626548407
2025-04-01,2025-Q2,Mid,DFM,106.4,105.23522802356062,2025-01-01,20,True,True,20,2,2025-05-31T00:00:00,full_ar1,1.0947105041723522,1.1647719764393827,1.3566937570985058,1.1647719764393827,101.39508537851432,109.07537066860692,95.97688223906322,114.49357380805803
2025-07-01,2025-Q3,Mid,DFM,106.2,108.58523490695495,2025-04-01,20,False,True,20,2,2025-08-31T00:00:00,full_ar1,2.245983904854001,2.385234906954949,5.689345561356384,-2.385234906954949,104.76012572100949,112.41034409290042,99.33575571986466,117.83471409404524
2025-10-01,2025-Q4,Mid,DFM,109.8,110.29740930174724,2025-07-01,20,False,True,20,2,2025-11-30T00:00:00,full_ar1,0.45301393601752266,0.49740930174723985,0.2474160134646767,-0.49740930174723985,106.4873335749026,114.10748502859187,101.05679671206407,119.5380218914304
2026-01-01,2026-Q1,Mid,DFM,107.1,110.06186234614049,2025-10-01,20,True,True,20,2,2026-02-28T00:00:00,full_ar1,2.7655110608221216,2.9618623461404923,8.772628557484861,-2.9618623461404923,106.26684367053014,113.85688102175084,100.83011635386443,119.29360833841655
