prediction_date,target_quarter,stage,model,actual,prediction,train_end,feature_count,abs_pct_error,abs_error,squared_error,residual,interval_lo_50,interval_hi_50,interval_lo_90,interval_hi_90
2011-01-01,2011-Q1,Early,Base,101.9,101.26744580021284,2010-10-01,79,0.6207597642661092,0.6325541997871653,0.40012481566838104,0.6325541997871653,,,,
2011-04-01,2011-Q2,Early,Base,103.1,101.70907953228995,2011-01-01,79,1.3490984167895697,1.3909204677100462,1.9346597474947336,1.3909204677100462,,,,
2011-07-01,2011-Q3,Early,Base,106.7,105.4430314937762,2011-04-01,79,1.178039837135707,1.2569685062237994,1.5799698256384898,1.2569685062237994,,,,
2011-10-01,2011-Q4,Early,Base,105.2,103.28270025506626,2011-07-01,79,1.8225282746518467,1.917299744933743,3.676038311922996,1.917299744933743,,,,
2012-01-01,2012-Q1,Early,Base,105.2,103.10910691768923,2011-10-01,79,1.9875409527668926,2.090893082310771,4.371833881655037,2.090893082310771,,,,
2012-04-01,2012-Q2,Early,Base,107.2,107.77393082916407,2012-01-01,79,0.5353832361605128,0.5739308291640697,0.3293965966649565,-0.5739308291640697,,,,
2012-07-01,2012-Q3,Early,Base,109.1,106.88685471860475,2012-04-01,79,2.0285474623237785,2.213145281395242,4.898012036562026,2.213145281395242,,,,
2012-10-01,2012-Q4,Early,Base,106.3,106.59430549425585,2012-07-01,79,0.27686311783241,0.29430549425585184,0.08661572394918124,-0.29430549425585184,,,,
2013-01-01,2013-Q1,Early,Base,107.3,106.21876613779146,2012-10-01,79,1.007673683325755,1.081233862208535,1.169066664786385,1.081233862208535,104.89482165082454,107.54271062475839,104.09119739575534,108.34633487982758
2013-04-01,2013-Q2,Early,Base,100.9,106.92021113746469,2013-01-01,79,5.966512524742006,6.020211137464685,36.242942139653834,-6.020211137464685,105.66324263124089,108.17717964368849,104.80486761533703,109.03555465959235
2013-07-01,2013-Q3,Early,Base,101.7,103.66784863545264,2013-04-01,79,1.9349544104745722,1.9678486354526399,3.8724282520528166,-1.9678486354526399,102.34390414848572,104.99179312241957,101.07399676845046,106.26170050245483
2013-10-01,2013-Q4,Early,Base,105.1,102.78334831033814,2013-07-01,79,2.2042356704679857,2.316651689661853,5.366875051213119,2.316651689661853,101.3924278426281,104.17426877804819,100.5702030289429,104.99649359173338
2014-01-01,2014-Q1,Early,Base,103.0,104.69847791850789,2013-10-01,79,1.6490076878717386,1.6984779185078906,2.8848272396588968,-1.6984779185078906,103.044367812186,106.35258802482979,102.3921768696727,107.00477896734309
2014-04-01,2014-Q2,Early,Base,102.1,104.825929687778,2014-01-01,79,2.6698625737296826,2.725929687778006,7.430692662709497,-2.725929687778006,103.12745176927011,106.52440760628589,102.52997927976946,107.12188009578654
2014-07-01,2014-Q3,Early,Base,105.4,103.65399381319055,2014-04-01,79,1.6565523594017577,1.7460061868094527,3.0485376043768855,1.7460061868094527,101.84610498146974,105.46188264491137,101.0508475248474,106.25714010153371
2014-10-01,2014-Q4,Early,Base,103.4,105.13020231082444,2014-07-01,79,1.6733097783601918,1.7302023108244384,2.993600036382227,-1.7302023108244384,103.38419612401499,106.8762084976339,102.5679838222929,107.69242079935599
2015-01-01,2015-Q1,Early,Base,103.4,101.59041590623417,2014-10-01,79,1.7500813285936512,1.8095840937658352,3.274594592410319,1.8095840937658352,99.85231165741723,103.32852015505111,99.06912521751424,104.1117065949541
2015-04-01,2015-Q2,Early,Base,104.5,99.68554509422158,2015-01-01,79,4.607133881127674,4.814454905778419,23.178976039773886,4.814454905778419,97.93953890741213,101.43155128103103,97.20518220531326,102.1659079831299
2015-07-01,2015-Q3,Early,Base,104.3,101.72230179610355,2015-04-01,79,2.4714268493733904,2.577698203896446,6.644528030370965,2.577698203896446,99.9445066558159,103.5000969363912,98.36981454292543,105.07478904928168
2015-10-01,2015-Q4,Early,Base,101.3,102.43664229526429,2015-07-01,79,1.1220555728176653,1.136642295264295,1.2919557073836847,-1.136642295264295,100.62705820149846,104.24622638903013,99.2930075638862,105.58027702664238
2016-01-01,2016-Q1,Early,Base,104.3656295,102.58761870679142,2015-10-01,79,1.7036363424690308,1.7780107932085798,3.161322380766203,1.7780107932085798,100.80982356650378,104.36541384707905,99.65283649721337,105.52240091636946
2016-04-01,2016-Q2,Early,Base,102.3970751,104.05702317754792,2016-01-01,79,1.6210893484280038,1.6599480775479236,2.7554276201550474,-1.6599480775479236,102.27901238433934,105.8350339707565,101.33109348976991,106.78295286532592
2016-07-01,2016-Q3,Early,Base,97.44441504,104.34966041457017,2016-04-01,79,7.086342887620225,6.905245374570171,47.682413683022745,-6.905245374570171,102.58765192456116,106.11166890457918,101.63855387518032,107.06076695396001
2016-10-01,2016-Q4,Early,Base,98.9769688,102.74816823831677,2016-07-01,79,3.8101787557640083,3.7711994383167706,14.221945203560725,-3.7711994383167706,100.97015744510819,104.52617903152534,98.35141837613843,107.1449181004951
2017-01-01,2017-Q1,Early,Base,107.2593067,102.82687369475877,2016-10-01,79,4.132446070753152,4.432433005241222,19.646462345951733,4.432433005241222,101.03307625127157,104.62067113824598,98.32539542921884,107.3283519602987
2017-04-01,2017-Q2,Early,Base,106.7242348,105.10789086067976,2017-01-01,79,1.5145050628371852,1.6163439393202452,2.6125677301772887,1.6163439393202452,103.29830676691392,106.9174749544456,100.44624471511622,109.7695370062433
2017-07-01,2017-Q3,Early,Base,104.4771836,107.018360409973,2017-04-01,86,2.4322792043305,2.5411768099729954,6.45757957954453,-2.5411768099729954,105.22456296648579,108.8121578534602,102.39491645446319,111.64180436548281
2017-10-01,2017-Q4,Early,Base,111.4066408,104.52936357459559,2017-07-01,93,6.173130413069965,6.877277225404413,47.296942035066216,6.877277225404413,102.71977948082976,106.33894766836143,99.94412180913949,109.1146053400517
2018-01-01,2018-Q1,Early,Base,109.889962,127.59145434029875,2017-10-01,93,16.10837970832928,17.701492340298756,313.34283107365553,-17.701492340298756,125.72801242094897,129.45489625964854,122.41527256501445,132.76763611558306
2018-04-01,2018-Q2,Early,Base,107.363836,108.58777032224032,2018-01-01,93,1.1399875114748235,1.2239343222403107,1.498015225157849,-1.2239343222403107,106.67047057730657,110.50507006717406,102.39614596718769,114.77939467729294
2018-07-01,2018-Q3,Early,Base,102.8003833,107.54099629266474,2018-04-01,112,4.6114740436622,4.740612992664751,22.473411546221847,-4.740612992664751,105.67755437331496,109.40443821201453,101.43507854640609,113.6469140389234
2018-10-01,2018-Q4,Early,Base,103.2621811,100.90710216963501,2018-07-01,112,2.280679049461794,2.3550789303649964,5.546396768249135,2.3550789303649964,98.98980242470127,102.82440191456875,94.88689103217033,106.9273133070997
2019-01-01,2019-Q1,Early,Base,107.6022335,102.1767122569783,2018-10-01,112,5.0422013247724005,5.4255212430216915,29.43628075847964,5.4255212430216915,100.2341380667851,104.1192864471715,96.27707674268224,108.07634777127437
2019-04-01,2019-Q2,Early,Base,107.0503506,107.88482604659433,2019-01-01,112,0.7795167805777605,0.8344754465943254,0.6963492709687987,-0.8344754465943254,105.91697741114169,109.85267468204697,101.98355288801824,113.78609920517042
2019-07-01,2019-Q3,Early,Base,108.1383799,106.6396386714995,2019-04-01,112,1.3859475515413249,1.4987412285005064,2.246225270007207,1.4987412285005064,104.69706448130631,108.58221286169268,100.7978345023677,112.48144284063129
2019-10-01,2019-Q4,Early,Base,107.5823136,108.96746793720831,2019-07-01,112,1.2875297907780872,1.3851543372083057,1.9186525378869808,-1.3851543372083057,107.05016819227457,110.88476768214205,103.18513275752082,114.7498031168958
2020-01-01,2020-Q1,Early,Base,102.9803835,108.56764922616594,2019-10-01,112,5.425563137629934,5.587265726165938,31.217538294788593,-5.587265726165938,106.70420730681616,110.43109114551572,102.84478303592275,114.29051541640914
2020-04-01,2020-Q2,Early,Base,88.33937832,100.57797956731605,2020-01-01,112,13.854072193017961,12.238601247316055,149.7833604908061,-12.238601247316055,98.6606798223823,102.49527931224979,94.81753567663061,106.33842345800149
2020-07-01,2020-Q3,Early,Base,91.6496591,85.98380727443674,2020-04-01,126,6.182076268697492,5.6658518255632515,32.10187690923843,5.6658518255632515,84.04123308424354,87.92638146462994,79.70647631059013,92.26113823828335
2020-10-01,2020-Q4,Early,Base,91.09830627,114.02627887166602,2020-07-01,140,25.16838516592327,22.927972601666028,525.691927622748,-22.927972601666028,112.05843023621338,115.99412750711866,107.83465451661338,120.21790322671866
2021-01-01,2021-Q1,Early,Base,98.44935719,96.21863398858358,2020-10-01,140,2.265858574486467,2.230723201416424,4.976126001337541,2.230723201416424,94.18926312970187,98.24800484746528,89.33855994826258,103.09870802890457
2021-04-01,2021-Q2,Early,Base,109.0651338,104.06644579724735,2021-01-01,140,4.583213561099252,4.998688002752644,24.986881748863215,4.998688002752644,101.97555271493658,106.15733887955813,97.18916857184294,110.94372302265177
2021-07-01,2021-Q3,Early,Base,102.3115688,115.42767144407703,2021-04-01,154,12.819764957095478,13.116102644077031,172.0321485699645,-13.116102644077031,113.27565226222403,117.57969062593004,108.63610082746659,122.21924206068748
2021-10-01,2021-Q4,Early,Base,111.5612031,109.95512801232988,2021-07-01,154,1.4396358617883358,1.6060750876701206,2.579477187234586,1.6060750876701206,107.74198273093464,112.16827329372512,103.05547626759287,116.8547797570669
2022-01-01,2022-Q1,Early,Base,109.0950249,122.75130788731308,2021-10-01,154,12.517787130834668,13.656282987313077,186.49406502957657,-13.656282987313077,120.59928870546007,124.90332706916608,115.85445295749263,129.6481628171335
2022-04-01,2022-Q2,Early,Base,112.9182569,113.49521464139241,2022-01-01,154,0.5109516895070008,0.5769577413924054,0.3328802353526258,-0.5769577413924054,111.28206935999717,115.70835992278765,103.3899557431747,123.60047353961012
2022-07-01,2022-Q3,Early,Base,114.5620935,113.36364398475412,2022-04-01,154,1.0461134906249625,1.1984495152458834,1.436281240593093,1.1984495152458834,111.21162480290111,115.51566316660713,103.791720673811,122.93556729569724
2022-10-01,2022-Q4,Early,Base,112.7058759,116.6759384987257,2022-07-01,154,3.5224983320729457,3.970062598725704,15.761397037800691,-3.970062598725704,114.58504541641493,118.76683158103647,107.63735077505719,125.71452622239421
2023-01-01,2023-Q1,Early,Base,112.4528911,114.74848294540787,2022-10-01,154,2.0413809044415663,2.29559184540787,5.269741920703109,-2.29559184540787,112.59646376355487,116.90050212726088,106.24323080901391,123.25373508180184
2023-04-01,2023-Q2,Early,Base,109.634644,113.065746319852,2023-01-01,154,3.1295785662896867,3.431102319852002,11.772463129293788,-3.431102319852002,110.85260103845675,115.27889160124724,105.09382977073264,121.03766286897135
2023-07-01,2023-Q3,Early,Base,107.1678697,110.49367563255032,2023-04-01,155,3.1033610557533775,3.325805932550324,11.06098510098693,-3.325805932550324,108.27174139114449,112.71560987395615,103.05509467070556,117.93225659439508
2023-10-01,2023-Q4,Early,Base,106.2164486,110.59947900686727,2023-07-01,155,4.126508148820994,4.383030406867263,19.210955547523007,-4.383030406867263,108.36875580545085,112.8302022082837,103.6942336322971,117.50472438143744
2024-01-01,2024-Q1,Early,Base,107.1173573,108.13912369356025,2023-10-01,155,0.9538756549964438,1.021766393560256,1.0440065630091317,-1.021766393560256,105.8759661701481,110.4022812169724,101.23667513390666,115.04157225321384
2024-04-01,2024-Q2,Early,Base,107.0071111,109.75718659733327,2024-01-01,155,2.5699932173323297,2.7500754973332704,7.562915241032835,-2.7500754973332704,107.52646339591685,111.9879097987497,102.85753485259626,116.65683834207029
2024-07-01,2024-Q3,Early,Base,106.2613339,108.11787911322917,2024-04-01,155,1.7471502992577888,1.8565452132291682,3.446760128764138,-1.8565452132291682,105.85472158981702,110.38103663664131,101.22102418340872,115.01473404304961
2024-10-01,2024-Q4,Early,Base,103.7956531,104.51910356211239,2024-07-01,155,0.6969949516242276,0.723450462112396,0.5233805711306394,-0.723450462112396,102.28838036069597,106.74982676352882,97.62504544720852,111.41316167701626
2025-01-01,2025-Q1,Early,Base,105.2,105.75796290195899,2024-10-01,155,0.5303829866530297,0.5579629019589873,0.3113225999624945,-0.5579629019589873,103.53602866055316,107.97989714336482,98.8667016019717,112.64922420194628
2025-04-01,2025-Q2,Early,Base,106.4,109.55736882340757,2025-01-01,155,2.96745190169884,3.157368823407566,9.968977887026078,-3.157368823407566,107.34422354201233,111.77051410480281,102.66890433833686,116.44583330847829
2025-07-01,2025-Q3,Early,Base,106.2,108.54280694869331,2025-04-01,155,2.2060329083741133,2.3428069486933083,5.4887443988456495,-2.3428069486933083,106.32087270728748,110.76474119009914,101.65713927853918,115.42847461884745
2025-10-01,2025-Q4,Early,Base,109.8,107.46309333447059,2025-07-01,155,2.1283302964748745,2.336906665529412,5.461132763395795,2.336906665529412,105.23237013305416,109.69381653588701,100.58022247923302,114.34596418970816
2026-01-01,2026-Q1,Early,Base,107.1,109.62941613771778,2025-10-01,155,2.361733088438645,2.5294161377177886,6.397945997747175,-2.5294161377177886,107.36625861430564,111.89257366112993,102.74934209739679,116.50949017803877
2011-01-01,2011-Q1,Early,Base+Google,101.9,101.26744580021284,2010-10-01,79,0.6207597642661092,0.6325541997871653,0.40012481566838104,0.6325541997871653,,,,
2011-04-01,2011-Q2,Early,Base+Google,103.1,101.70907953228995,2011-01-01,79,1.3490984167895697,1.3909204677100462,1.9346597474947336,1.3909204677100462,,,,
2011-07-01,2011-Q3,Early,Base+Google,106.7,105.4430314937762,2011-04-01,79,1.178039837135707,1.2569685062237994,1.5799698256384898,1.2569685062237994,,,,
2011-10-01,2011-Q4,Early,Base+Google,105.2,103.28270025506626,2011-07-01,79,1.8225282746518467,1.917299744933743,3.676038311922996,1.917299744933743,,,,
2012-01-01,2012-Q1,Early,Base+Google,105.2,103.10910691768923,2011-10-01,79,1.9875409527668926,2.090893082310771,4.371833881655037,2.090893082310771,,,,
2012-04-01,2012-Q2,Early,Base+Google,107.2,107.77393082916407,2012-01-01,79,0.5353832361605128,0.5739308291640697,0.3293965966649565,-0.5739308291640697,,,,
2012-07-01,2012-Q3,Early,Base+Google,109.1,106.88685471860475,2012-04-01,79,2.0285474623237785,2.213145281395242,4.898012036562026,2.213145281395242,,,,
2012-10-01,2012-Q4,Early,Base+Google,106.3,106.59430549425585,2012-07-01,79,0.27686311783241,0.29430549425585184,0.08661572394918124,-0.29430549425585184,,,,
2013-01-01,2013-Q1,Early,Base+Google,107.3,106.21876613779146,2012-10-01,79,1.007673683325755,1.081233862208535,1.169066664786385,1.081233862208535,104.89482165082454,107.54271062475839,104.09119739575534,108.34633487982758
2013-04-01,2013-Q2,Early,Base+Google,100.9,106.92021113746469,2013-01-01,79,5.966512524742006,6.020211137464685,36.242942139653834,-6.020211137464685,105.66324263124089,108.17717964368849,104.80486761533703,109.03555465959235
2013-07-01,2013-Q3,Early,Base+Google,101.7,103.66784863545264,2013-04-01,79,1.9349544104745722,1.9678486354526399,3.8724282520528166,-1.9678486354526399,102.34390414848572,104.99179312241957,101.07399676845046,106.26170050245483
2013-10-01,2013-Q4,Early,Base+Google,105.1,102.78334831033814,2013-07-01,79,2.2042356704679857,2.316651689661853,5.366875051213119,2.316651689661853,101.3924278426281,104.17426877804819,100.5702030289429,104.99649359173338
2014-01-01,2014-Q1,Early,Base+Google,103.0,104.69847791850789,2013-10-01,79,1.6490076878717386,1.6984779185078906,2.8848272396588968,-1.6984779185078906,103.044367812186,106.35258802482979,102.3921768696727,107.00477896734309
2014-04-01,2014-Q2,Early,Base+Google,102.1,104.825929687778,2014-01-01,79,2.6698625737296826,2.725929687778006,7.430692662709497,-2.725929687778006,103.12745176927011,106.52440760628589,102.52997927976946,107.12188009578654
2014-07-01,2014-Q3,Early,Base+Google,105.4,103.65399381319055,2014-04-01,79,1.6565523594017577,1.7460061868094527,3.0485376043768855,1.7460061868094527,101.84610498146974,105.46188264491137,101.0508475248474,106.25714010153371
2014-10-01,2014-Q4,Early,Base+Google,103.4,105.13020231082444,2014-07-01,79,1.6733097783601918,1.7302023108244384,2.993600036382227,-1.7302023108244384,103.38419612401499,106.8762084976339,102.5679838222929,107.69242079935599
2015-01-01,2015-Q1,Early,Base+Google,103.4,101.59041590623417,2014-10-01,79,1.7500813285936512,1.8095840937658352,3.274594592410319,1.8095840937658352,99.85231165741723,103.32852015505111,99.06912521751424,104.1117065949541
2015-04-01,2015-Q2,Early,Base+Google,104.5,99.68554509422158,2015-01-01,79,4.607133881127674,4.814454905778419,23.178976039773886,4.814454905778419,97.93953890741213,101.43155128103103,97.20518220531326,102.1659079831299
2015-07-01,2015-Q3,Early,Base+Google,104.3,101.72230179610355,2015-04-01,79,2.4714268493733904,2.577698203896446,6.644528030370965,2.577698203896446,99.9445066558159,103.5000969363912,98.36981454292543,105.07478904928168
2015-10-01,2015-Q4,Early,Base+Google,101.3,102.43664229526429,2015-07-01,79,1.1220555728176653,1.136642295264295,1.2919557073836847,-1.136642295264295,100.62705820149846,104.24622638903013,99.2930075638862,105.58027702664238
2016-01-01,2016-Q1,Early,Base+Google,104.3656295,102.58761870679142,2015-10-01,79,1.7036363424690308,1.7780107932085798,3.161322380766203,1.7780107932085798,100.80982356650378,104.36541384707905,99.65283649721337,105.52240091636946
2016-04-01,2016-Q2,Early,Base+Google,102.3970751,104.05702317754792,2016-01-01,79,1.6210893484280038,1.6599480775479236,2.7554276201550474,-1.6599480775479236,102.27901238433934,105.8350339707565,101.33109348976991,106.78295286532592
2016-07-01,2016-Q3,Early,Base+Google,97.44441504,104.34966041457017,2016-04-01,79,7.086342887620225,6.905245374570171,47.682413683022745,-6.905245374570171,102.58765192456116,106.11166890457918,101.63855387518032,107.06076695396001
2016-10-01,2016-Q4,Early,Base+Google,98.9769688,102.74816823831677,2016-07-01,79,3.8101787557640083,3.7711994383167706,14.221945203560725,-3.7711994383167706,100.97015744510819,104.52617903152534,98.35141837613843,107.1449181004951
2017-01-01,2017-Q1,Early,Base+Google,107.2593067,102.82687369475877,2016-10-01,79,4.132446070753152,4.432433005241222,19.646462345951733,4.432433005241222,101.03307625127157,104.62067113824598,98.32539542921884,107.3283519602987
2017-04-01,2017-Q2,Early,Base+Google,106.7242348,105.10789086067976,2017-01-01,79,1.5145050628371852,1.6163439393202452,2.6125677301772887,1.6163439393202452,103.29830676691392,106.9174749544456,100.44624471511622,109.7695370062433
2017-07-01,2017-Q3,Early,Base+Google,104.4771836,107.018360409973,2017-04-01,86,2.4322792043305,2.5411768099729954,6.45757957954453,-2.5411768099729954,105.22456296648579,108.8121578534602,102.39491645446319,111.64180436548281
2017-10-01,2017-Q4,Early,Base+Google,111.4066408,104.52936357459559,2017-07-01,93,6.173130413069965,6.877277225404413,47.296942035066216,6.877277225404413,102.71977948082976,106.33894766836143,99.94412180913949,109.1146053400517
2018-01-01,2018-Q1,Early,Base+Google,109.889962,127.59145434029875,2017-10-01,93,16.10837970832928,17.701492340298756,313.34283107365553,-17.701492340298756,125.72801242094897,129.45489625964854,122.41527256501445,132.76763611558306
2018-04-01,2018-Q2,Early,Base+Google,107.363836,108.58777032224032,2018-01-01,93,1.1399875114748235,1.2239343222403107,1.498015225157849,-1.2239343222403107,106.67047057730657,110.50507006717406,102.39614596718769,114.77939467729294
2018-07-01,2018-Q3,Early,Base+Google,102.8003833,107.54099629266474,2018-04-01,112,4.6114740436622,4.740612992664751,22.473411546221847,-4.740612992664751,105.67755437331496,109.40443821201453,101.43507854640609,113.6469140389234
2018-10-01,2018-Q4,Early,Base+Google,103.2621811,100.90710216963501,2018-07-01,130,2.280679049461794,2.3550789303649964,5.546396768249135,2.3550789303649964,98.98980242470127,102.82440191456875,94.88689103217033,106.9273133070997
2019-01-01,2019-Q1,Early,Base+Google,107.6022335,116.82459131526801,2018-10-01,133,8.570786604785496,9.222357815268012,85.05188367283498,-9.222357815268012,114.88201712507481,118.76716550546121,110.92495580097194,122.72422682956407
2019-04-01,2019-Q2,Early,Base+Google,107.0503506,105.57081626722757,2019-01-01,133,1.382092001081621,1.479534332772431,2.189021841852363,1.479534332772431,103.60296763177493,107.53866490268021,98.8649522594111,112.27668027504404
2019-07-01,2019-Q3,Early,Base+Google,108.1383799,129.4325985111203,2019-04-01,133,19.69163827940822,21.294218611120286,453.44374625818153,-21.294218611120286,127.49002432092709,131.3751727013135,122.8124411120978,136.0527559101428
2019-10-01,2019-Q4,Early,Base+Google,107.5823136,108.20824836477261,2019-07-01,133,0.581819393752663,0.6259347647726088,0.3917943297509411,-0.6259347647726088,106.24039972931998,110.17609700022525,101.31419024986874,115.10230647967649
2020-01-01,2020-Q1,Early,Base+Google,102.9803835,109.26592974435344,2019-10-01,133,6.103634527981186,6.285546244353441,39.508091589905646,-6.285546244353441,107.32335555416026,111.20850393454663,102.37466844436615,116.15719104434073
2020-04-01,2020-Q2,Early,Base+Google,88.33937832,100.02985758486619,2020-01-01,133,13.233599202519494,11.690479264866198,136.66730544226652,-11.690479264866198,98.06200894941355,101.99770622031883,93.14139309979548,106.9183220699369
2020-07-01,2020-Q3,Early,Base+Google,91.6496591,89.21852961033736,2020-04-01,147,2.652633423338765,2.431129489662638,5.910390595507318,2.431129489662638,87.18915875145565,91.24790046921906,81.61815050355783,96.81890871711688
2020-10-01,2020-Q4,Early,Base+Google,91.09830627,106.9110565006043,2020-07-01,161,17.357897065328512,15.812750230604308,250.0430698554766,-15.812750230604308,104.82016341829353,109.00194958291507,99.54238863789456,114.27972436331405
2021-01-01,2021-Q1,Early,Base+Google,98.44935719,96.21508101662269,2020-10-01,161,2.269467508117216,2.23427617337731,4.991990018921556,2.23427617337731,94.06306183476968,98.3671001984757,86.74591105639486,105.68425097685052
2021-04-01,2021-Q2,Early,Base+Google,109.0651338,103.12861864811472,2021-01-01,161,5.443091614201342,5.936515151885274,35.24221214856344,5.936515151885274,100.91547336671948,105.34176392950997,93.90626083284671,112.35097646338274
2021-07-01,2021-Q3,Early,Base+Google,102.3115688,116.64186377221344,2021-04-01,175,14.006524521412125,14.330294972213437,205.35735399064572,-14.330294972213437,114.41815304482716,118.86557449959972,107.65121720101521,125.63251034341167
2021-10-01,2021-Q4,Early,Base+Google,111.5612031,107.07490569944747,2021-07-01,175,4.021377751305848,4.48629740055253,20.12686436620439,4.48629740055253,104.84062952607016,109.30918187282478,95.8780507245009,118.27176067439405
2022-01-01,2022-Q1,Early,Base+Google,109.0950249,121.75254007262174,2021-10-01,175,11.602284507679455,12.657515172621743,160.21269034514964,-12.657515172621743,119.47707614110216,124.02800400414132,110.80249724263498,132.7025829026085
2022-04-01,2022-Q2,Early,Base+Google,112.9182569,114.4688766460319,2022-01-01,175,1.3732232400692495,1.5506197460318987,2.40442159678403,-1.5506197460318987,112.15222495637005,116.78552833569375,102.19817583651238,126.73957745555143
2022-07-01,2022-Q3,Early,Base+Google,114.5620935,113.6798588690757,2022-04-01,175,0.7700929722659979,0.8822346309243017,0.7783379440021387,0.8822346309243017,111.40439493755612,115.95532280059528,101.50586165033172,125.85385608781968
2022-10-01,2022-Q4,Early,Base+Google,112.7058759,116.45055394533907,2022-07-01,175,3.3225224642782547,3.7446780453390716,14.02261366324445,-3.7446780453390716,114.21627777196176,118.68483011871638,104.37326031737065,128.52784757330747
2023-01-01,2023-Q1,Early,Base+Google,112.4528911,115.32377042621728,2022-10-01,175,2.552961776380045,2.8708793262172776,8.24194810570177,-2.8708793262172776,113.0483064946977,117.59923435773686,103.34318038902441,127.30436046341015
2023-04-01,2023-Q2,Early,Base+Google,109.634644,111.316248667432,2023-01-01,175,1.533825993389473,1.681604667432012,2.8277942575291277,-1.681604667432012,108.99959697777015,113.63290035709386,99.4323622210147,123.20013511384931
2023-07-01,2023-Q3,Early,Base+Google,107.1678697,110.02982507558767,2023-04-01,176,2.670534912748825,2.8619553755876694,8.190788571855158,-2.8619553755876694,107.75436114406808,112.30528900710725,98.2426422199459,121.81700793122943
2023-10-01,2023-Q4,Early,Base+Google,106.2164486,112.54094629907163,2023-07-01,176,5.954348674270802,6.324497699071628,39.99927114556232,-6.324497699071628,110.22429460940978,114.85759798873349,100.85046703420544,124.23142556393783
2024-01-01,2024-Q1,Early,Base+Google,107.1173573,106.90574986914497,2023-10-01,176,0.197547284762061,0.2116074308550253,0.04477770479306432,0.2116074308550253,104.56988455913154,109.2416151791584,95.46208274923859,118.34941698905135
2024-04-01,2024-Q2,Early,Base+Google,107.0071111,108.77526376606612,2024-01-01,176,1.6523693125532055,1.7681526660661149,3.12636385051671,-1.7681526660661149,106.45861207640426,111.09191545572797,97.57840879111954,119.9721187410127
2024-07-01,2024-Q3,Early,Base+Google,106.2613339,107.36448840083158,2024-04-01,176,1.0381523178221452,1.1031545008315788,1.2169498527049698,-1.1031545008315788,105.089024469312,109.63995233235116,96.41444557084483,118.31453123081832
2024-10-01,2024-Q4,Early,Base+Google,103.7956531,104.29963612339532,2024-07-01,176,0.48555311166043535,0.5039830233953211,0.25399888787068875,-0.5039830233953211,102.065359950018,106.53391229677263,93.5964054383684,115.00286680842224
2025-01-01,2025-Q1,Early,Base+Google,105.2,106.16677363616273,2024-10-01,176,0.9189863461622887,0.9667736361627277,0.9346512635793022,-0.9667736361627277,103.94306290877645,108.390484363549,95.71035509609563,116.62319217622984
2025-04-01,2025-Q2,Early,Base+Google,106.4,108.40611878131664,2025-01-01,176,1.8854499824404416,2.00611878131663,4.02451256475132,-2.00611878131663,106.1929734999214,110.61926406271188,98.19651238620935,118.61572517642392
2025-07-01,2025-Q3,Early,Base+Google,106.2,108.88448098688072,2025-04-01,176,2.527759874652274,2.6844809868807147,7.2064381689240555,-2.6844809868807147,106.73246180502771,111.03650016873372,98.92168673673324,118.8472752370282
2025-10-01,2025-Q4,Early,Base+Google,109.8,107.26511182825425,2025-07-01,176,2.308641322172813,2.5348881717457488,6.4256580432565045,2.5348881717457488,105.051966546859,109.47825710964949,97.54912972306659,116.98109393344191
2026-01-01,2026-Q1,Early,Base+Google,107.1,109.91485010190056,2025-10-01,176,2.6282447263310558,2.8148501019005607,7.923381096169597,-2.8148501019005607,107.69113937451428,112.13856082928683,100.44568014167272,119.38402006212839
2011-01-01,2011-Q1,Early,Base+Market,101.9,103.23827873789025,2010-10-01,103,1.313325552394749,1.3382787378902492,1.7909899802891183,-1.3382787378902492,,,,
2011-04-01,2011-Q2,Early,Base+Market,103.1,104.4419264765305,2011-01-01,103,1.3015775718045617,1.341926476530503,1.8007666684135706,-1.341926476530503,,,,
2011-07-01,2011-Q3,Early,Base+Market,106.7,107.33362716213473,2011-04-01,103,0.5938398895358289,0.6336271621347294,0.4014833805949106,-0.6336271621347294,,,,
2011-10-01,2011-Q4,Early,Base+Market,105.2,102.64356043390805,2011-07-01,103,2.430075633167256,2.556439566091953,6.535383255080413,2.556439566091953,,,,
2012-01-01,2012-Q1,Early,Base+Market,105.2,104.67953220710409,2011-10-01,103,0.49474124799991853,0.5204677928959143,0.2708867234419443,0.5204677928959143,,,,
2012-04-01,2012-Q2,Early,Base+Market,107.2,109.10160875744661,2012-01-01,103,1.7738887662748226,1.9016087574466098,3.6161158663976396,-1.9016087574466098,,,,
2012-07-01,2012-Q3,Early,Base+Market,109.1,107.20716227710408,2012-04-01,103,1.7349566662657374,1.8928377228959192,3.5828346452178086,1.8928377228959192,,,,
2012-10-01,2012-Q4,Early,Base+Market,106.3,106.92039815714604,2012-07-01,103,0.5836294987262858,0.6203981571460417,0.3848938733902047,-0.6203981571460417,,,,
2013-01-01,2013-Q1,Early,Base+Market,107.3,106.46819496950094,2012-10-01,103,0.7752143807074138,0.831805030499055,0.6918996087635337,0.831805030499055,105.12809236229057,107.80829757671131,104.37013696946073,108.56625296954115
2013-04-01,2013-Q2,Early,Base+Market,100.9,107.10142942095462,2013-01-01,103,6.146114391431725,6.201429420954611,38.45772686308144,-6.201429420954611,105.76315068306437,108.43970815884487,105.06885450177894,109.13400434013029
2013-07-01,2013-Q3,Early,Base+Market,101.7,104.78527303495201,2013-04-01,103,3.033700132696175,3.08527303495201,9.518909700201988,-3.08527303495201,103.44517042774163,106.1253756421624,101.8643344833738,107.70621158653023
2013-10-01,2013-Q4,Early,Base+Market,105.1,103.39179628842024,2013-07-01,103,1.6253127607799776,1.7082037115797561,2.9179599202548547,1.7082037115797561,102.04986981188974,104.73372276495074,100.30652325346823,106.47706932337225
2014-01-01,2014-Q1,Early,Base+Market,103.0,104.60208118195699,2013-10-01,103,1.5554186232592135,1.60208118195699,2.566664113580706,-1.60208118195699,103.07701608790185,106.12714627601213,101.56969149389099,107.634470870023
2014-04-01,2014-Q2,Early,Base+Market,102.1,104.67649959958098,2014-01-01,103,2.5235059741243724,2.576499599580984,6.638350186640971,-2.576499599580984,103.07441841762399,106.27858078153797,101.69699325840098,107.65600594076098
2014-07-01,2014-Q3,Early,Base+Market,105.4,103.58071558313922,2014-04-01,103,1.7260762968318615,1.819284416860782,3.3097957894324757,1.819284416860782,101.92557313637084,105.2358580299076,100.64807457879851,106.51335658747993
2014-10-01,2014-Q4,Early,Base+Market,103.4,103.37980757566852,2014-07-01,103,0.01952845680027417,0.020192424331483494,0.00040773400038268665,0.020192424331483494,101.67160386408877,105.08801128724828,100.49804391486492,106.26157123647212
2015-01-01,2015-Q1,Early,Base+Market,103.4,98.55342031160563,2014-10-01,103,4.687214398834015,4.846579688394371,23.48933467595688,4.846579688394371,96.89827786483727,100.208562758374,95.72253399433913,101.38430662887214
2015-04-01,2015-Q2,Early,Base+Market,104.5,99.13694310833944,2015-01-01,103,5.132111858048385,5.3630568916605625,28.762379223187853,5.3630568916605625,97.42873939675968,100.8451468199192,95.34714741201049,102.92673880466839
2015-07-01,2015-Q3,Early,Base+Market,104.3,102.46404034030155,2015-04-01,103,1.760268130103975,1.835959659698446,3.3707478720400337,1.835959659698446,100.70029627608127,104.22778440452183,97.46251749092733,107.46556318967578
2015-10-01,2015-Q4,Early,Base+Market,101.3,102.99348477465298,2015-07-01,103,1.6717519986702734,1.6934847746529869,2.8678906819814776,-1.6934847746529869,101.1742003577922,104.81276919151377,98.04360964560537,107.9433599037006
2016-01-01,2016-Q1,Early,Base+Market,104.3656295,102.31904534223821,2015-10-01,103,1.9609752440211028,2.046584157761785,4.188506714801515,2.046584157761785,100.55530127801794,104.08278940645849,97.42081793351723,107.2172727509592
2016-04-01,2016-Q2,Early,Base+Market,102.3970751,104.07761429475845,2016-01-01,103,1.641198435714354,1.6805391947584525,2.824211985119388,-1.6805391947584525,102.25832987789767,105.89689871161923,99.23103460636408,108.92419398315282
2016-07-01,2016-Q3,Early,Base+Market,97.44441504,104.62683545858478,2016-04-01,103,7.370787146330006,7.182420418584783,51.587163069303614,-7.182420418584783,102.86309139436452,106.39057952280504,99.95638643553464,109.29728448163492
2016-10-01,2016-Q4,Early,Base+Market,98.9769688,102.63309980644584,2016-07-01,103,3.6939209704771714,3.6561310064458468,13.36729393629472,-3.6561310064458468,100.81381538958506,104.45238422330662,97.37333835543852,107.89286125745316
2017-01-01,2017-Q1,Early,Base+Market,107.2593067,102.7080611819385,2016-10-01,103,4.243217356225455,4.551245518061492,20.71383576567482,4.551245518061492,100.88043914365889,104.53568322021812,97.4999474512578,107.91617491261921
2017-04-01,2017-Q2,Early,Base+Market,106.7242348,105.77957437636982,2017-01-01,103,0.8851414352142839,0.9446604236301823,0.8923833159731556,0.9446604236301823,103.94361471667138,107.61553403606827,100.62310836601574,110.9360403867239
2017-07-01,2017-Q3,Early,Base+Market,104.4771836,106.2660104229709,2017-04-01,110,1.7121698358749498,1.78882682297089,3.1999014025801276,-1.78882682297089,104.43838838469128,108.09363246125051,101.16119213294343,111.37082871299836
2017-10-01,2017-Q4,Early,Base+Market,111.4066408,104.2530176046188,2017-07-01,117,6.4211820265037565,7.153623195381201,51.17432482149594,7.153623195381201,102.43373318775802,106.07230202147959,99.19984703491795,109.30618817431966
2018-01-01,2018-Q1,Early,Base+Market,109.889962,120.0833472137072,2017-10-01,117,9.275993028104972,10.193385213707202,103.90510211502463,-10.193385213707202,118.25572517542759,121.91096925198681,114.46877856325843,125.69791586415597
2018-04-01,2018-Q2,Early,Base+Market,107.363836,107.76837045214045,2018-01-01,117,0.37678837419747074,0.4045344521404388,0.16364812296856499,-0.4045344521404388,105.932410792442,109.60433011183889,101.37650227630051,114.16023862798038
2018-07-01,2018-Q3,Early,Base+Market,102.8003833,107.25113982084218,2018-04-01,136,4.329513546514365,4.450756520842191,19.809233607819284,-4.450756520842191,105.42351778256257,109.0787618591218,100.95449102244491,113.54778861923945
2018-10-01,2018-Q4,Early,Base+Market,103.2621811,102.07236043802402,2018-07-01,136,1.1522327431993262,1.1898206619759861,1.4156732076649738,1.1898206619759861,100.23640077832557,103.90832009772247,95.87093101706941,108.27378985897863
2019-01-01,2019-Q1,Early,Base+Market,107.6022335,102.92266531812844,2018-10-01,136,4.348950788155861,4.679568181871559,21.89835836878469,4.679568181871559,101.09504327984882,104.75028735640805,96.80507315010323,109.04025748615365
2019-04-01,2019-Q2,Early,Base+Market,107.0503506,107.07293723049092,2019-01-01,136,0.021099071945421873,0.022586630490920356,0.0005101558769333731,-0.022586630490920356,105.23697757079248,108.90889689018937,101.03918231539512,113.10669214558672
2019-07-01,2019-Q3,Early,Base+Market,108.1383799,106.24925171126478,2019-04-01,136,1.7469544027589299,1.8891281887352278,3.5688053134740425,1.8891281887352278,104.42162967298516,108.07687374954439,100.29933404909838,112.19916937343118
2019-10-01,2019-Q4,Early,Base+Market,107.5823136,108.10083895997698,2019-07-01,136,0.4819801160857137,0.5185253599769766,0.26886854893925316,-0.5185253599769766,106.26487930027854,109.93679861967543,102.23475855074,113.96691936921397
2020-01-01,2020-Q1,Early,Base+Market,102.9803835,107.8443392653404,2019-10-01,136,4.723186688599186,4.863955765340393,23.658065687188046,-4.863955765340393,106.01671722706078,109.67196130362001,102.06209610903281,113.62658242164798
2020-04-01,2020-Q2,Early,Base+Market,88.33937832,100.27376846635948,2020-01-01,136,13.509705833709212,11.93439014635949,142.4296681655225,-11.93439014635949,98.43780880666104,102.10972812605793,94.5753625629813,105.97217436973767
2020-07-01,2020-Q3,Early,Base+Market,91.6496591,86.49093059464049,2020-04-01,150,5.628748165588655,5.158728505359505,26.612479792008717,5.158728505359505,84.62838667042365,88.35347451885733,80.0038430413579,92.97801814792308
2020-10-01,2020-Q4,Early,Base+Market,91.09830627,112.70307688960233,2020-07-01,164,23.71588617198814,21.604770619602334,466.76611352563225,-21.604770619602334,110.8139487008671,114.59220507833756,106.3112087137624,119.09494506544226
2021-01-01,2021-Q1,Early,Base+Market,98.44935719,96.43792304052367,2020-10-01,164,2.0431155742280875,2.0114341494763295,4.045867337679565,2.0114341494763295,94.5469400847081,98.32890599633924,89.28142012282211,103.59442595822523
2021-04-01,2021-Q2,Early,Base+Market,109.0651338,103.533530865237,2021-01-01,164,5.0718343635892555,5.531602934763001,30.598631027878643,5.531602934763001,101.64069314234108,105.42636858813292,96.3799076698558,110.6871540606182
2021-07-01,2021-Q3,Early,Base+Market,102.3115688,112.23994093122896,2021-04-01,178,9.70405619587074,9.928372131228954,98.57257317616377,-9.928372131228954,110.34271769105769,114.13716417140023,105.18153711329042,119.2983447491675
2021-10-01,2021-Q4,Early,Base+Market,111.5612031,109.28943696204514,2021-07-01,178,2.0363406586055866,2.271766137954856,5.160921385558321,2.271766137954856,107.38782820459853,111.19104571949175,102.11277598810108,116.46609793598921
2022-01-01,2022-Q1,Early,Base+Market,109.0950249,121.98969865812538,2021-10-01,178,11.819671676087017,12.894673758125379,166.27261132848727,-12.894673758125379,120.0331772046639,123.94622011158685,114.81591740650167,129.16347990974907
2022-04-01,2022-Q2,Early,Base+Market,112.9182569,110.75329777051769,2022-01-01,178,1.9172799766113926,2.1649591294823125,4.687048032328812,2.1649591294823125,108.74186362104136,112.76473191999402,101.9233063243464,119.58328921668898
2022-07-01,2022-Q3,Early,Base+Market,114.5620935,113.71523944971139,2022-04-01,178,0.7392096499079889,0.8468540502886128,0.7171617824902283,0.8468540502886128,111.68623029609233,115.74424860333045,105.15984317480452,122.27063572461826
2022-10-01,2022-Q4,Early,Base+Market,112.7058759,116.57187419688171,2022-07-01,178,3.4301656998893995,3.8659982968817133,14.945942831492308,-3.8659982968817133,114.56044004740538,118.58330834635804,108.29107309323926,124.85267530052415
2023-01-01,2023-Q1,Early,Base+Market,112.4528911,113.78478440662363,2022-10-01,178,1.1844011244132673,1.331893306623627,1.7739397802288186,-1.331893306623627,111.75577525300457,115.81379356024269,105.77857847424558,121.79099033900168
2023-04-01,2023-Q2,Early,Base+Market,109.634644,113.47075297354772,2023-01-01,178,3.4989934144792074,3.8361089735477236,14.71573205693337,-3.8361089735477236,111.45931882407139,115.48218712302405,105.73914221243409,121.20236373466135
2023-07-01,2023-Q3,Early,Base+Market,107.1678697,110.13666868596246,2023-04-01,179,2.770232341347423,2.968798985962465,8.81376741905176,-2.968798985962465,108.1076595323434,112.16567783958152,102.67965309611326,117.59368427581167
2023-10-01,2023-Q4,Early,Base+Market,106.2164486,109.75369543280463,2023-07-01,179,3.330225101128665,3.5372468328046267,12.512115156186363,-3.5372468328046267,107.70711127504285,111.80027959056642,102.57127501421985,116.93611585138942
2024-01-01,2024-Q1,Early,Base+Market,107.1173573,108.14861131189352,2023-10-01,179,0.9627328734458269,1.0312540118935232,1.0634848370464869,-1.0312540118935232,106.04283966827147,110.25438295551557,100.9690706156291,115.32815200815794
2024-04-01,2024-Q2,Early,Base+Market,107.0071111,109.04052262548794,2024-01-01,179,1.9002583142233198,2.033411525487935,4.134762431987171,-2.033411525487935,106.99393846772615,111.08710678324972,101.86386165154387,116.217183599432
2024-07-01,2024-Q3,Early,Base+Market,106.2613339,107.72101548637428,2024-04-01,179,1.3736714313674614,1.4596815863742876,2.1306703336001567,-1.4596815863742876,105.68101764474943,109.76101332799914,100.54723423475058,114.89479673799799
2024-10-01,2024-Q4,Early,Base+Market,103.7956531,105.25091086515121,2024-07-01,179,1.4020411468957912,1.4552577651512166,2.117775163032914,-1.4552577651512166,103.21749933966328,107.28432239063915,98.08000933584786,112.42181239445456
2025-01-01,2025-Q1,Early,Base+Market,105.2,105.63384320334455,2024-10-01,179,0.4123984822666838,0.4338432033445514,0.18821992508826177,-0.4338432033445514,103.61142036586241,107.6562660408267,98.46582139636156,112.80186501032755
2025-04-01,2025-Q2,Early,Base+Market,106.4,108.19584537757872,2025-01-01,179,1.687824602987514,1.7958453775787149,3.225060620170837,-1.7958453775787149,106.18441122810239,110.20727952705505,101.03070329291609,115.36098746224135
2025-07-01,2025-Q3,Early,Base+Market,106.2,108.00009826531107,2025-04-01,179,1.6950077827787797,1.800098265311064,3.2403537647759015,-1.800098265311064,106.04357681184959,109.95661971877254,100.83783590296879,115.16236062765334
2025-10-01,2025-Q4,Early,Base+Market,109.8,107.24820832578762,2025-07-01,179,2.32403613316246,2.5517916742123816,6.511640748579629,2.5517916742123816,105.346599568341,109.14981708323423,100.0888256857657,114.40759096580953
2026-01-01,2026-Q1,Early,Base+Market,107.1,109.65614787026269,2025-10-01,179,2.386692689320907,2.5561478702626914,6.533891934648493,-2.5561478702626914,107.69962641680121,111.61266932372416,102.49964495256113,116.81265078796424
2011-01-01,2011-Q1,Early,Base+Market+Google,101.9,103.23827873789025,2010-10-01,103,1.313325552394749,1.3382787378902492,1.7909899802891183,-1.3382787378902492,,,,
2011-04-01,2011-Q2,Early,Base+Market+Google,103.1,104.4419264765305,2011-01-01,103,1.3015775718045617,1.341926476530503,1.8007666684135706,-1.341926476530503,,,,
2011-07-01,2011-Q3,Early,Base+Market+Google,106.7,107.33362716213473,2011-04-01,103,0.5938398895358289,0.6336271621347294,0.4014833805949106,-0.6336271621347294,,,,
2011-10-01,2011-Q4,Early,Base+Market+Google,105.2,102.64356043390805,2011-07-01,103,2.430075633167256,2.556439566091953,6.535383255080413,2.556439566091953,,,,
2012-01-01,2012-Q1,Early,Base+Market+Google,105.2,104.67953220710409,2011-10-01,103,0.49474124799991853,0.5204677928959143,0.2708867234419443,0.5204677928959143,,,,
2012-04-01,2012-Q2,Early,Base+Market+Google,107.2,109.10160875744661,2012-01-01,103,1.7738887662748226,1.9016087574466098,3.6161158663976396,-1.9016087574466098,,,,
2012-07-01,2012-Q3,Early,Base+Market+Google,109.1,107.20716227710408,2012-04-01,103,1.7349566662657374,1.8928377228959192,3.5828346452178086,1.8928377228959192,,,,
2012-10-01,2012-Q4,Early,Base+Market+Google,106.3,106.92039815714604,2012-07-01,103,0.5836294987262858,0.6203981571460417,0.3848938733902047,-0.6203981571460417,,,,
2013-01-01,2013-Q1,Early,Base+Market+Google,107.3,106.46819496950094,2012-10-01,103,0.7752143807074138,0.831805030499055,0.6918996087635337,0.831805030499055,105.12809236229057,107.80829757671131,104.37013696946073,108.56625296954115
2013-04-01,2013-Q2,Early,Base+Market+Google,100.9,107.10142942095462,2013-01-01,103,6.146114391431725,6.201429420954611,38.45772686308144,-6.201429420954611,105.76315068306437,108.43970815884487,105.06885450177894,109.13400434013029
2013-07-01,2013-Q3,Early,Base+Market+Google,101.7,104.78527303495201,2013-04-01,103,3.033700132696175,3.08527303495201,9.518909700201988,-3.08527303495201,103.44517042774163,106.1253756421624,101.8643344833738,107.70621158653023
2013-10-01,2013-Q4,Early,Base+Market+Google,105.1,103.39179628842024,2013-07-01,103,1.6253127607799776,1.7082037115797561,2.9179599202548547,1.7082037115797561,102.04986981188974,104.73372276495074,100.30652325346823,106.47706932337225
2014-01-01,2014-Q1,Early,Base+Market+Google,103.0,104.60208118195699,2013-10-01,103,1.5554186232592135,1.60208118195699,2.566664113580706,-1.60208118195699,103.07701608790185,106.12714627601213,101.56969149389099,107.634470870023
2014-04-01,2014-Q2,Early,Base+Market+Google,102.1,104.67649959958098,2014-01-01,103,2.5235059741243724,2.576499599580984,6.638350186640971,-2.576499599580984,103.07441841762399,106.27858078153797,101.69699325840098,107.65600594076098
2014-07-01,2014-Q3,Early,Base+Market+Google,105.4,103.58071558313922,2014-04-01,103,1.7260762968318615,1.819284416860782,3.3097957894324757,1.819284416860782,101.92557313637084,105.2358580299076,100.64807457879851,106.51335658747993
2014-10-01,2014-Q4,Early,Base+Market+Google,103.4,103.37980757566852,2014-07-01,103,0.01952845680027417,0.020192424331483494,0.00040773400038268665,0.020192424331483494,101.67160386408877,105.08801128724828,100.49804391486492,106.26157123647212
2015-01-01,2015-Q1,Early,Base+Market+Google,103.4,98.55342031160563,2014-10-01,103,4.687214398834015,4.846579688394371,23.48933467595688,4.846579688394371,96.89827786483727,100.208562758374,95.72253399433913,101.38430662887214
2015-04-01,2015-Q2,Early,Base+Market+Google,104.5,99.13694310833944,2015-01-01,103,5.132111858048385,5.3630568916605625,28.762379223187853,5.3630568916605625,97.42873939675968,100.8451468199192,95.34714741201049,102.92673880466839
2015-07-01,2015-Q3,Early,Base+Market+Google,104.3,102.46404034030155,2015-04-01,103,1.760268130103975,1.835959659698446,3.3707478720400337,1.835959659698446,100.70029627608127,104.22778440452183,97.46251749092733,107.46556318967578
2015-10-01,2015-Q4,Early,Base+Market+Google,101.3,102.99348477465298,2015-07-01,103,1.6717519986702734,1.6934847746529869,2.8678906819814776,-1.6934847746529869,101.1742003577922,104.81276919151377,98.04360964560537,107.9433599037006
2016-01-01,2016-Q1,Early,Base+Market+Google,104.3656295,102.31904534223821,2015-10-01,103,1.9609752440211028,2.046584157761785,4.188506714801515,2.046584157761785,100.55530127801794,104.08278940645849,97.42081793351723,107.2172727509592
2016-04-01,2016-Q2,Early,Base+Market+Google,102.3970751,104.07761429475845,2016-01-01,103,1.641198435714354,1.6805391947584525,2.824211985119388,-1.6805391947584525,102.25832987789767,105.89689871161923,99.23103460636408,108.92419398315282
2016-07-01,2016-Q3,Early,Base+Market+Google,97.44441504,104.62683545858478,2016-04-01,103,7.370787146330006,7.182420418584783,51.587163069303614,-7.182420418584783,102.86309139436452,106.39057952280504,99.95638643553464,109.29728448163492
2016-10-01,2016-Q4,Early,Base+Market+Google,98.9769688,102.63309980644584,2016-07-01,103,3.6939209704771714,3.6561310064458468,13.36729393629472,-3.6561310064458468,100.81381538958506,104.45238422330662,97.37333835543852,107.89286125745316
2017-01-01,2017-Q1,Early,Base+Market+Google,107.2593067,102.7080611819385,2016-10-01,103,4.243217356225455,4.551245518061492,20.71383576567482,4.551245518061492,100.88043914365889,104.53568322021812,97.4999474512578,107.91617491261921
2017-04-01,2017-Q2,Early,Base+Market+Google,106.7242348,105.77957437636982,2017-01-01,103,0.8851414352142839,0.9446604236301823,0.8923833159731556,0.9446604236301823,103.94361471667138,107.61553403606827,100.62310836601574,110.9360403867239
2017-07-01,2017-Q3,Early,Base+Market+Google,104.4771836,106.2660104229709,2017-04-01,110,1.7121698358749498,1.78882682297089,3.1999014025801276,-1.78882682297089,104.43838838469128,108.09363246125051,101.16119213294343,111.37082871299836
2017-10-01,2017-Q4,Early,Base+Market+Google,111.4066408,104.2530176046188,2017-07-01,117,6.4211820265037565,7.153623195381201,51.17432482149594,7.153623195381201,102.43373318775802,106.07230202147959,99.19984703491795,109.30618817431966
2018-01-01,2018-Q1,Early,Base+Market+Google,109.889962,120.0833472137072,2017-10-01,117,9.275993028104972,10.193385213707202,103.90510211502463,-10.193385213707202,118.25572517542759,121.91096925198681,114.46877856325843,125.69791586415597
2018-04-01,2018-Q2,Early,Base+Market+Google,107.363836,107.76837045214045,2018-01-01,117,0.37678837419747074,0.4045344521404388,0.16364812296856499,-0.4045344521404388,105.932410792442,109.60433011183889,101.37650227630051,114.16023862798038
2018-07-01,2018-Q3,Early,Base+Market+Google,102.8003833,107.25113982084218,2018-04-01,136,4.329513546514365,4.450756520842191,19.809233607819284,-4.450756520842191,105.42351778256257,109.0787618591218,100.95449102244491,113.54778861923945
2018-10-01,2018-Q4,Early,Base+Market+Google,103.2621811,102.07236043802402,2018-07-01,154,1.1522327431993262,1.1898206619759861,1.4156732076649738,1.1898206619759861,100.23640077832557,103.90832009772247,95.87093101706941,108.27378985897863
2019-01-01,2019-Q1,Early,Base+Market+Google,107.6022335,112.02980586154688,2018-10-01,157,4.114758790343212,4.427572361546879,19.60339701673381,-4.427572361546879,110.20218382326726,113.85742789982649,105.91221369352166,118.14739802957209
2019-04-01,2019-Q2,Early,Base+Market+Google,107.0503506,105.52076130139366,2019-01-01,157,1.4288503400813142,1.5295892986063393,2.339643422411033,1.5295892986063393,103.68480164169522,107.35672096109211,99.48700638629786,111.55451621648946
2019-07-01,2019-Q3,Early,Base+Market+Google,108.1383799,119.62081024135766,2019-04-01,157,10.618274799359794,11.482430341357656,131.8462065441309,-11.482430341357656,117.79318820307805,121.44843227963727,113.67089257919126,125.57072790352406
2019-10-01,2019-Q4,Early,Base+Market+Google,107.5823136,107.5238258595164,2019-07-01,157,0.05436557230128139,0.05848774048359928,0.003420815786876858,0.05848774048359928,105.68786619981796,109.35978551921485,100.75108017390585,114.29657154512697
2020-01-01,2020-Q1,Early,Base+Market+Google,102.9803835,108.35024291026227,2019-10-01,157,5.214448837493662,5.369859410262265,28.8353900859822,-5.369859410262265,106.52262087198265,110.17786494854188,101.67271660209437,115.02776921843017
2020-04-01,2020-Q2,Early,Base+Market+Google,88.33937832,99.64791512091006,2020-01-01,157,12.801241095387939,11.308536800910062,127.88300457753718,-11.308536800910062,97.81195546121161,101.4838747806085,93.0656081901848,106.23022205163531
2020-07-01,2020-Q3,Early,Base+Market+Google,91.6496591,89.78118224977788,2020-04-01,171,2.038716639614985,1.868476850222109,3.4912057398159333,1.868476850222109,87.9167835584807,91.64558094107507,82.61891988743561,96.94344461212016
2020-10-01,2020-Q4,Early,Base+Market+Google,91.09830627,105.66778086306658,2020-07-01,185,15.993134438619666,14.569474593066587,212.2695899180128,-14.569474593066587,103.79930401284447,107.53625771328869,98.50839822304467,112.8271635030885
2021-01-01,2021-Q1,Early,Base+Market+Google,98.44935719,96.53966811733311,2020-10-01,185,1.9397679448341487,1.9096890726668931,3.646912354263338,1.9096890726668931,94.6590108307741,98.42032540389212,89.05615121923609,104.02318501543013
2021-04-01,2021-Q2,Early,Base+Market+Google,109.0651338,102.62771968193054,2021-01-01,185,5.902357512231333,6.437414118069455,41.44030052751994,6.437414118069455,100.73488195903462,104.52055740482646,95.44529926334576,109.81014010051533
2021-07-01,2021-Q3,Early,Base+Market+Google,102.3115688,113.18935307073721,2021-04-01,199,10.632017863005546,10.877784270737209,118.32619064069783,-10.877784270737209,111.29212983056595,115.08657631090847,106.00981237447279,120.36889376700164
2021-10-01,2021-Q4,Early,Base+Market+Google,111.5612031,107.22002174597536,2021-07-01,199,3.8913002310788465,4.341181354024641,18.84585554853122,4.341181354024641,105.31841298852875,109.12163050342197,97.62882949129263,116.81121400065808
2022-01-01,2022-Q1,Early,Base+Market+Google,109.0950249,121.08622271010891,2021-10-01,199,10.991516635245677,11.991197810108915,143.78882492116082,-11.991197810108915,119.18057379505217,122.99187162516566,111.79612693493843,130.3763184852794
2022-04-01,2022-Q2,Early,Base+Market+Google,112.9182569,110.90583026946848,2022-01-01,199,1.7821977470956885,2.0124266305315217,4.049860943272454,2.0124266305315217,108.99614119680159,112.81551934213537,100.30180562154328,121.50985491739368
2022-07-01,2022-Q3,Early,Base+Market+Google,114.5620935,113.94597308488406,2022-04-01,199,0.5378047801788327,0.6161204151159438,0.37960436592264296,0.6161204151159438,111.98491523328485,115.90703093648327,103.41038834266186,124.48155782710626
2022-10-01,2022-Q4,Early,Base+Market+Google,112.7058759,116.1914663302611,2022-07-01,199,3.092643043166393,3.485590430261098,12.149340647527747,-3.485590430261098,114.2817772575942,118.10115540292799,105.72432149374188,126.6586111667803
2023-01-01,2023-Q1,Early,Base+Market+Google,112.4528911,114.12481632002383,2022-10-01,199,1.4867783332818403,1.671925220023823,2.7953339413517093,-1.671925220023823,112.16375846842462,116.08587417162303,103.72611138920762,124.52352125084003
2023-04-01,2023-Q2,Early,Base+Market+Google,109.634644,112.08719264519434,2023-01-01,199,2.237019755538533,2.452548645194341,6.014994857044597,-2.452548645194341,110.17750357252744,113.99688171786123,101.75692762008113,122.41745767030754
2023-07-01,2023-Q3,Early,Base+Market+Google,107.1678697,110.02089308375741,2023-04-01,200,2.6622003327527346,2.8530233837574173,8.139742428266622,-2.8530233837574173,108.0598352321582,111.98195093535662,99.75906796434721,120.28271820316762
2023-10-01,2023-Q4,Early,Base+Market+Google,106.2164486,111.25501777149975,2023-07-01,200,4.743680699092537,5.038569171499745,25.387179295987625,-5.038569171499745,109.24259114096823,113.26744440203127,101.06163255779255,121.44840298520695
2024-01-01,2024-Q1,Early,Base+Market+Google,107.1173573,106.90967488834859,2023-10-01,200,0.1938830614255685,0.20768241165140466,0.043131984109343505,0.20768241165140466,104.88016949420194,108.93918028249524,97.01738615415363,116.80196362254355
2024-04-01,2024-Q2,Early,Base+Market+Google,107.0071111,108.12074893849424,2024-01-01,200,1.0407138619540228,1.1136378384942418,1.240189235326127,-1.1136378384942418,106.10832230796272,110.13317556902577,98.5295566838115,117.71194119317698
2024-07-01,2024-Q3,Early,Base+Market+Google,106.2613339,107.21647140332952,2024-04-01,200,0.8988570614296839,0.9551375033295244,0.9122876502665572,-0.9551375033295244,105.25541355173031,109.17752925492873,97.92637562815904,116.5065671785
2024-10-01,2024-Q4,Early,Base+Market+Google,103.7956531,104.83721502818683,2024-07-01,200,1.0034735531586894,1.0415619281868373,1.0848512502482826,-1.0415619281868373,102.92752595551994,106.74690410085373,95.84821573252859,113.82621432384508
2025-01-01,2025-Q1,Early,Base+Market+Google,105.2,105.83990007098943,2024-10-01,200,0.6082700294576299,0.6399000709894267,0.4094721008522733,-0.6399000709894267,103.93425115593269,107.74554898604617,97.15199725484344,114.52780288713542
2025-04-01,2025-Q2,Early,Base+Market+Google,106.4,107.30074287541166,2025-01-01,200,0.8465628528304998,0.9007428754116518,0.8113377276048505,-0.9007428754116518,105.39913411796505,109.20235163285827,98.9139365387779,115.68754921204541
2025-07-01,2025-Q3,Early,Base+Market+Google,106.2,108.36231212507845,2025-04-01,200,2.0360754473431673,2.1623121250784436,4.675593726261255,-2.1623121250784436,106.46508888490717,110.25953536524972,100.27660226795692,116.44802198219998
2025-10-01,2025-Q4,Early,Base+Market+Google,109.8,107.07635402141635,2025-07-01,200,2.480551893063431,2.7236459785836473,7.418247416654874,2.7236459785836473,105.17474526396974,108.97796277886296,99.29174064380707,114.86096739902563
2026-01-01,2026-Q1,Early,Base+Market+Google,107.1,109.26282049081138,2025-10-01,200,2.019440234184299,2.1628204908113844,4.6777924754735976,-2.1628204908113844,107.35717157575462,111.16846940586814,101.77930359271434,116.74633738890842
