model,stage,mean_residual,median_residual,mean_residual_shock,mean_residual_non_shock,overprediction_share_shock,underprediction_share_shock
AR,Early,-1.6390650771927389,-1.5772894637229626,-0.3632344056619445,-2.0550968179093023,0.6,0.4
AdaptiveEnsemble,Early,0.04172242118718851,0.24840827510755048,-0.21257537065307208,0.12464561417857783,0.4666666666666667,0.5333333333333333
Bridge,Early,-1.5195318850779007,-0.8344754465943254,-3.954715150389249,-0.7254503855198524,0.7333333333333333,0.26666666666666666
DFM,Early,-3.6300715330463404,-3.566529433938811,-5.642568181156405,-2.973822626053927,0.9333333333333333,0.06666666666666667
DFMShockAdjusted,Early,-3.6300715330463404,-3.566529433938811,-5.642568181156405,-2.973822626053927,0.9333333333333333,0.06666666666666667
EarlyShockAdjusted,Early,0.7257327398546203,0.5884053692885374,0.12804725058871896,0.9206301820065446,0.5333333333333333,0.4666666666666667
EarlyShockBridge,Early,-2.1948848186185335,0.4936056755390297,-1.4931319866597497,-2.4237172638224855,0.5333333333333333,0.4666666666666667
ElasticNet,Early,-0.9691437905398493,-0.9940145571957686,-2.1198908253452147,-0.593900192233752,0.6666666666666666,0.3333333333333333
GradientBoosting,Early,0.9424750504760622,1.0196922388699363,0.6182744031450843,1.0481926528665984,0.4666666666666667,0.5333333333333333
Huber,Early,-7.019823196208798,0.17746236206805577,6.571000902227881,-11.45161366309032,0.5333333333333333,0.4666666666666667
LightGBM,Early,0.9594578638592265,1.4668256649528786,0.5284840875070255,1.0999927909305964,0.4666666666666667,0.5333333333333333
MIDAS,Early,-1.3474747551758082,-0.9485092692546573,-2.711175109027583,-0.9027898571806642,0.6,0.4
RandomForest,Early,0.9038959237431748,0.6839504792559694,0.6817119861563261,0.9763472077388863,0.4,0.6
Shadow,Early,0.038950080174836525,0.1711233895042028,0.5574791942746572,-0.1301355005098876,0.5333333333333333,0.4666666666666667
ShockSwitch,Early,-1.3819348614433877,-0.6366105013131005,-3.4960090691282404,-0.6925628371983271,0.6666666666666666,0.3333333333333333
SimpleEnsemble,Early,0.4591712618846533,1.0932411257071806,-0.07285508713419517,0.6326581148255821,0.4666666666666667,0.5333333333333333
StackingNowcast,Early,0.07504032380826943,0.13682502974182853,-0.5199439648400225,0.26905693967184285,0.5333333333333333,0.4666666666666667
AR,Late,-1.579045391050955,-1.5763355130289796,-0.6857964903678784,-2.119696041464396,0.6086956521739131,0.391304347826087
AdaptiveEnsemble,Late,0.00704704988175203,0.022230565128168678,-0.4872731842709668,0.3062408758162924,0.6521739130434783,0.34782608695652173
Bridge,Late,-1.6225981983366313,-1.3187765592302014,-3.7287742970644078,-0.34780740173824026,0.7391304347826086,0.2608695652173913
DFM,Late,-3.58416502246595,-3.008836353724462,-4.704878708105987,-2.905838317999611,0.9130434782608695,0.08695652173913043
DFMShockAdjusted,Late,-1.753642247199686,-1.4691335178591345,0.14998604368714635,-2.905838317999611,0.5652173913043478,0.43478260869565216
ElasticNet,Late,-0.21274232786249675,0.0679573885464464,-1.0734065704325135,0.3081860294825134,0.6086956521739131,0.391304347826087
GradientBoosting,Late,0.8456009254028287,-0.20321925760924842,0.021960593007473442,1.344120073957912,0.6086956521739131,0.391304347826087
Huber,Late,0.5942234182670305,0.7976886427930339,0.8281506493870268,0.45263588364176965,0.391304347826087,0.6086956521739131
LightGBM,Late,0.806956548720976,0.5297926898408036,0.2184681277603268,1.1631469087761057,0.6086956521739131,0.391304347826087
MIDAS,Late,0.0689243817640255,-0.18430948695298355,-1.5734396531766053,1.0629868239649336,0.6956521739130435,0.30434782608695654
RandomForest,Late,1.0283631787739447,1.0899648888023563,0.2723204418439816,1.485967993231554,0.43478260869565216,0.5652173913043478
Shadow,Late,-0.3837570962772298,-0.8641837251163622,-0.7278482278418706,-0.1754914113828419,0.6956521739130435,0.30434782608695654
ShockSwitch,Late,-1.270134230718098,-0.5016098248224097,-3.064932365406436,-0.18380904393305136,0.7391304347826086,0.2608695652173913
SimpleEnsemble,Late,0.6170445812588129,0.680717497949928,-0.14016435195518137,1.07535525136202,0.5652173913043478,0.43478260869565216
StackingNowcast,Late,0.141926296199883,0.010908519282764928,0.22443521278360626,0.09198668879394527,0.5217391304347826,0.4782608695652174
AR,Mid,-1.8469055436721125,-1.576335513029008,-1.4833166437292526,-2.082746992283697,0.8333333333333334,0.16666666666666666
AdaptiveEnsemble,Mid,0.515730916129539,0.5925333263679278,-0.3727185377133922,1.0920224537573864,0.5,0.5
Bridge,Mid,-1.2961205589215898,-0.9525633141002317,-3.365796354016002,0.04637184870721807,0.7916666666666666,0.20833333333333334
DFM,Mid,-4.258505910634501,-3.779961624376085,-5.984380464957471,-3.139019713235817,0.875,0.125
DFMShockAdjusted,Mid,-2.1358733050898224,-2.151948401744903,-0.5893559258647473,-3.139019713235817,0.5833333333333334,0.4166666666666667
ElasticNet,Mid,0.501827666799246,0.3127650724732689,-0.9984528279792713,1.474982582331257,0.7083333333333334,0.2916666666666667
GradientBoosting,Mid,1.2500853726806658,0.9110824819899221,0.6479943472970918,1.6406309026592,0.3333333333333333,0.6666666666666666
Huber,Mid,2.610180142854221,2.4964342021663555,0.23228827302565533,4.152596490851129,0.4166666666666667,0.5833333333333334
LightGBM,Mid,1.072954716017752,1.4457212494911857,0.5970488885411486,1.3816503878944677,0.3333333333333333,0.6666666666666666
MIDAS,Mid,0.7463224937892491,0.6309089333568494,-1.0213956769410408,1.892950496425113,0.5833333333333334,0.4166666666666667
RandomForest,Mid,1.026557211937228,1.0429598690981692,0.4803407543322204,1.380859779032368,0.375,0.625
Shadow,Mid,-0.4963748299790954,-0.036756216959062726,0.02067217471464981,-0.8317566708615247,0.5416666666666666,0.4583333333333333
ShockSwitch,Mid,-0.8466335024913809,-0.8600885790148283,-2.7739604725068188,0.40352453211322753,0.75,0.25
SimpleEnsemble,Mid,0.9628562418587244,1.0894014602246074,0.1817327905477999,1.4695309129793241,0.4166666666666667,0.5833333333333334
StackingNowcast,Mid,0.10566583980939505,0.16095741334865465,-0.6925882408878709,0.623452270531946,0.5,0.5
